flight_id,route_key,airline_key,date_key,calculated_duration_mins,is_overnight,is_statistical_outlier,airline_source
SJ010,edec40d16277592f865f6f96d12c6237,fe10005e6631d2c82bc640a5b707027e,20260420,174.0,False,False,ORIGINAL
AI155,4c4c8887c010c37d7c415aee9e223b86,1d96baf00ff457518c392cdbc36d081e,20260420,108.0,False,False,ORIGINAL
UK094,4c4c8887c010c37d7c415aee9e223b86,d813685481e1e769c9968895601aa06a,20260420,105.0,False,False,ORIGINAL
AI245,4c4c8887c010c37d7c415aee9e223b86,1d96baf00ff457518c392cdbc36d081e,20260420,156.0,False,False,ORIGINAL
AI192,382e870b93a9172b725c021a093b911d,1d96baf00ff457518c392cdbc36d081e,20260420,299.0,False,False,ORIGINAL
SJ158,96cabcf3c0a98d19c08ef1c8eeba1154,fe10005e6631d2c82bc640a5b707027e,20260420,139.0,False,False,ORIGINAL
6F196,edec40d16277592f865f6f96d12c6237,143c0deac2b49915503dd16a9f5462ba,20260420,103.0,False,False,ORIGINAL
AI080,225fb0760ffcd1233b1e4a61a511e724,1d96baf00ff457518c392cdbc36d081e,20260420,92.0,False,False,ORIGINAL
6F025,adc4b4919d4f952851b45aa0ac117018,143c0deac2b49915503dd16a9f5462ba,20260420,55.0,False,False,ORIGINAL
6F251,cf98c283c13881769b3b684c7653eba9,143c0deac2b49915503dd16a9f5462ba,20260420,41.0,False,False,DERIVED
AI137,04f5fd88e0d3bf5692833a97649697b6,1d96baf00ff457518c392cdbc36d081e,20260420,148.0,False,False,ORIGINAL
6F026,4c4c8887c010c37d7c415aee9e223b86,143c0deac2b49915503dd16a9f5462ba,20260420,267.0,False,False,ORIGINAL
UK167,317ae26badc5745d08250ee7a733dd0c,d813685481e1e769c9968895601aa06a,20260420,181.0,False,False,ORIGINAL
UK027,4c4c8887c010c37d7c415aee9e223b86,d813685481e1e769c9968895601aa06a,20260420,141.0,False,False,ORIGINAL
AI069,dd9b7f73506b86ec79aa343e64a2fb35,1d96baf00ff457518c392cdbc36d081e,20260420,226.0,False,False,DERIVED
AI058,4c4c8887c010c37d7c415aee9e223b86,1d96baf00ff457518c392cdbc36d081e,20260420,98.0,False,False,ORIGINAL
AI140,04f5fd88e0d3bf5692833a97649697b6,1d96baf00ff457518c392cdbc36d081e,20260420,223.0,False,False,ORIGINAL
SJ239,4c4c8887c010c37d7c415aee9e223b86,fe10005e6631d2c82bc640a5b707027e,20260420,106.0,False,False,ORIGINAL
6F099,b6e2cc2aaf99f21f5582a5d4b9ae2a9f,143c0deac2b49915503dd16a9f5462ba,20260420,35.0,False,False,ORIGINAL
AI048,671c750b52cf4817ef2aa56f2ace75b0,1d96baf00ff457518c392cdbc36d081e,20260420,232.0,False,False,ORIGINAL
SJ112,bc77046451bd9d63487f804a25d5b6fc,fe10005e6631d2c82bc640a5b707027e,20260420,140.0,False,False,ORIGINAL
6F164,adc4b4919d4f952851b45aa0ac117018,143c0deac2b49915503dd16a9f5462ba,20260420,147.0,False,False,ORIGINAL
UK021,89b74decd3097ce93ec4cccfa8379efc,d813685481e1e769c9968895601aa06a,20260420,110.0,False,False,ORIGINAL
SJ172,671c750b52cf4817ef2aa56f2ace75b0,fe10005e6631d2c82bc640a5b707027e,20260420,196.0,False,False,ORIGINAL
AI060,96cabcf3c0a98d19c08ef1c8eeba1154,1d96baf00ff457518c392cdbc36d081e,20260420,113.0,False,False,ORIGINAL
SJ205,8a783a606a385b3bfe750ffd23c30c03,fe10005e6631d2c82bc640a5b707027e,20260420,64.0,False,False,ORIGINAL
SJ093,adc4b4919d4f952851b45aa0ac117018,fe10005e6631d2c82bc640a5b707027e,20260420,66.0,False,False,ORIGINAL
6F195,671c750b52cf4817ef2aa56f2ace75b0,143c0deac2b49915503dd16a9f5462ba,20260420,55.0,False,False,ORIGINAL
UK003,bc77046451bd9d63487f804a25d5b6fc,d813685481e1e769c9968895601aa06a,20260420,278.0,False,False,DERIVED
UK026,89b74decd3097ce93ec4cccfa8379efc,d813685481e1e769c9968895601aa06a,20260420,126.0,False,False,ORIGINAL
6F174,96cabcf3c0a98d19c08ef1c8eeba1154,143c0deac2b49915503dd16a9f5462ba,20260420,40.0,False,False,ORIGINAL
UK067,4c4c8887c010c37d7c415aee9e223b86,d813685481e1e769c9968895601aa06a,20260420,206.0,False,False,ORIGINAL
SJ149,89b74decd3097ce93ec4cccfa8379efc,fe10005e6631d2c82bc640a5b707027e,20260420,120.00496666666666,False,False,ORIGINAL
6F213,adc4b4919d4f952851b45aa0ac117018,143c0deac2b49915503dd16a9f5462ba,20260420,207.0,False,False,ORIGINAL
UK200,671c750b52cf4817ef2aa56f2ace75b0,d813685481e1e769c9968895601aa06a,20260420,111.0,False,False,ORIGINAL
SJ214,127ab6733de551c1aea35612b818c8d5,fe10005e6631d2c82bc640a5b707027e,20260420,76.0,False,False,ORIGINAL
SJ047,c9d4324c50c5e70095cd3e0446bcbd2d,fe10005e6631d2c82bc640a5b707027e,20260420,37.0,False,False,ORIGINAL
AI179,c9d4324c50c5e70095cd3e0446bcbd2d,1d96baf00ff457518c392cdbc36d081e,20260420,278.0,False,False,ORIGINAL
SJ153,8ff2523fe27e0b381e5ec1a14e29a704,fe10005e6631d2c82bc640a5b707027e,20260420,83.0,False,False,ORIGINAL
6F236,04f5fd88e0d3bf5692833a97649697b6,143c0deac2b49915503dd16a9f5462ba,20260420,199.0,False,False,ORIGINAL
UK059,89b74decd3097ce93ec4cccfa8379efc,d813685481e1e769c9968895601aa06a,20260420,97.0,False,False,ORIGINAL
SJ001,127ab6733de551c1aea35612b818c8d5,fe10005e6631d2c82bc640a5b707027e,20260420,287.0,False,False,ORIGINAL
SJ049,671c750b52cf4817ef2aa56f2ace75b0,fe10005e6631d2c82bc640a5b707027e,20260420,240.0,False,False,ORIGINAL
6F086,a51d75f60b5853f2ce43d68ddc769a90,143c0deac2b49915503dd16a9f5462ba,20260420,37.0,False,False,ORIGINAL
AI220,04f5fd88e0d3bf5692833a97649697b6,1d96baf00ff457518c392cdbc36d081e,20260420,98.0,False,False,ORIGINAL
AI188,27d0f59c48e41aa01667e01a8c02ec7b,1d96baf00ff457518c392cdbc36d081e,20260420,166.0,False,False,ORIGINAL
6F114,127ab6733de551c1aea35612b818c8d5,143c0deac2b49915503dd16a9f5462ba,20260420,50.0,False,False,ORIGINAL
SJ179,96cabcf3c0a98d19c08ef1c8eeba1154,fe10005e6631d2c82bc640a5b707027e,20260420,210.0,False,False,ORIGINAL
6F190,317ae26badc5745d08250ee7a733dd0c,143c0deac2b49915503dd16a9f5462ba,20260420,274.0,False,False,ORIGINAL
SJ003,12a0c17677be948b58459ad87ee14879,fe10005e6631d2c82bc640a5b707027e,20260420,42.0,False,False,ORIGINAL
6F028,8a783a606a385b3bfe750ffd23c30c03,143c0deac2b49915503dd16a9f5462ba,20260420,120.0,False,False,ORIGINAL
UK036,cae609ae5d68de9a8792d0e2117d4ded,d813685481e1e769c9968895601aa06a,20260420,264.0,False,False,ORIGINAL
SJ160,71ffb94c38439501b7cb7532b20299ce,fe10005e6631d2c82bc640a5b707027e,20260420,45.0,False,False,ORIGINAL
6F151,27d0f59c48e41aa01667e01a8c02ec7b,143c0deac2b49915503dd16a9f5462ba,20260420,140.0,False,False,ORIGINAL
UK140,71ffb94c38439501b7cb7532b20299ce,d813685481e1e769c9968895601aa06a,20260420,83.0,False,False,ORIGINAL
AI115,71ffb94c38439501b7cb7532b20299ce,1d96baf00ff457518c392cdbc36d081e,20260420,289.0,False,False,ORIGINAL
AI132,adc4b4919d4f952851b45aa0ac117018,1d96baf00ff457518c392cdbc36d081e,20260420,129.0,False,False,ORIGINAL
UK209,71ffb94c38439501b7cb7532b20299ce,d813685481e1e769c9968895601aa06a,20260420,165.0,False,False,DERIVED
SJ043,b6e2cc2aaf99f21f5582a5d4b9ae2a9f,fe10005e6631d2c82bc640a5b707027e,20260420,129.0,False,False,DERIVED
UK176,10db3418b17657f44f554b3a79b69f30,d813685481e1e769c9968895601aa06a,20260420,248.0,False,False,ORIGINAL
UK216,a51d75f60b5853f2ce43d68ddc769a90,d813685481e1e769c9968895601aa06a,20260420,194.0,False,False,ORIGINAL
UK150,8ff2523fe27e0b381e5ec1a14e29a704,d813685481e1e769c9968895601aa06a,20260420,30.0,False,False,ORIGINAL
UK145,225fb0760ffcd1233b1e4a61a511e724,d813685481e1e769c9968895601aa06a,20260420,131.0,False,False,ORIGINAL
6F270,89b74decd3097ce93ec4cccfa8379efc,143c0deac2b49915503dd16a9f5462ba,20260420,48.0,False,False,DERIVED
6F012,27d0f59c48e41aa01667e01a8c02ec7b,143c0deac2b49915503dd16a9f5462ba,20260420,205.0,False,False,ORIGINAL
SJ236,382e870b93a9172b725c021a093b911d,fe10005e6631d2c82bc640a5b707027e,20260420,239.0,False,False,ORIGINAL
6F149,3994560a2c713f116680d065b7d4c478,143c0deac2b49915503dd16a9f5462ba,20260420,165.0,False,False,ORIGINAL
UK004,4c4c8887c010c37d7c415aee9e223b86,d813685481e1e769c9968895601aa06a,20260420,34.0,False,False,ORIGINAL
UK010,a51d75f60b5853f2ce43d68ddc769a90,d813685481e1e769c9968895601aa06a,20260420,167.0,False,False,ORIGINAL
UK215,04f5fd88e0d3bf5692833a97649697b6,d813685481e1e769c9968895601aa06a,20260420,132.0,False,False,ORIGINAL
SJ116,8a783a606a385b3bfe750ffd23c30c03,fe10005e6631d2c82bc640a5b707027e,20260420,89.0,False,False,ORIGINAL
SJ023,89b74decd3097ce93ec4cccfa8379efc,fe10005e6631d2c82bc640a5b707027e,20260420,102.0,False,False,ORIGINAL
UK152,4c4c8887c010c37d7c415aee9e223b86,d813685481e1e769c9968895601aa06a,20260420,169.0,False,False,ORIGINAL
SJ202,27d0f59c48e41aa01667e01a8c02ec7b,fe10005e6631d2c82bc640a5b707027e,20260420,107.0,False,False,ORIGINAL
6F043,225fb0760ffcd1233b1e4a61a511e724,143c0deac2b49915503dd16a9f5462ba,20260420,86.0,False,False,ORIGINAL
UK173,71ffb94c38439501b7cb7532b20299ce,d813685481e1e769c9968895601aa06a,20260420,256.0,False,False,ORIGINAL
SJ081,c43ed166a8fa9fe1e85762faa8bf124b,fe10005e6631d2c82bc640a5b707027e,20260420,109.0,False,False,ORIGINAL
UK153,27d0f59c48e41aa01667e01a8c02ec7b,d813685481e1e769c9968895601aa06a,20260420,241.0,False,False,ORIGINAL
UK187,adc4b4919d4f952851b45aa0ac117018,d813685481e1e769c9968895601aa06a,20260420,110.0,False,False,ORIGINAL
UK055,bc77046451bd9d63487f804a25d5b6fc,d813685481e1e769c9968895601aa06a,20260420,163.0,False,False,ORIGINAL
UK181,b6e2cc2aaf99f21f5582a5d4b9ae2a9f,d813685481e1e769c9968895601aa06a,20260420,162.0,False,False,ORIGINAL
UK074,04f5fd88e0d3bf5692833a97649697b6,d813685481e1e769c9968895601aa06a,20260420,117.0,False,False,ORIGINAL
SJ068,adc4b4919d4f952851b45aa0ac117018,fe10005e6631d2c82bc640a5b707027e,20260420,124.0,False,False,ORIGINAL
AI242,3994560a2c713f116680d065b7d4c478,1d96baf00ff457518c392cdbc36d081e,20260420,62.0,False,False,DERIVED
SJ237,4c4c8887c010c37d7c415aee9e223b86,fe10005e6631d2c82bc640a5b707027e,20260420,148.0,False,False,ORIGINAL
6F194,4c4c8887c010c37d7c415aee9e223b86,143c0deac2b49915503dd16a9f5462ba,20260420,118.0,False,False,ORIGINAL
UK063,dd9b7f73506b86ec79aa343e64a2fb35,d813685481e1e769c9968895601aa06a,20260420,72.0,False,False,ORIGINAL
UK068,9f16374b2c912e79e7314809f36c7172,d813685481e1e769c9968895601aa06a,20260420,101.0,False,False,ORIGINAL
UK224,edec40d16277592f865f6f96d12c6237,d813685481e1e769c9968895601aa06a,20260420,239.0,False,False,DERIVED
UK077,c9d4324c50c5e70095cd3e0446bcbd2d,d813685481e1e769c9968895601aa06a,20260420,98.0,False,False,DERIVED
UK207,12a0c17677be948b58459ad87ee14879,d813685481e1e769c9968895601aa06a,20260420,75.0,False,False,ORIGINAL
AI221,a51d75f60b5853f2ce43d68ddc769a90,1d96baf00ff457518c392cdbc36d081e,20260420,156.0,False,False,ORIGINAL
UK109,adc4b4919d4f952851b45aa0ac117018,d813685481e1e769c9968895601aa06a,20260420,60.00496666666666,False,False,ORIGINAL
UK089,225fb0760ffcd1233b1e4a61a511e724,d813685481e1e769c9968895601aa06a,20260420,252.0,False,False,ORIGINAL
AI072,3994560a2c713f116680d065b7d4c478,1d96baf00ff457518c392cdbc36d081e,20260420,58.0,False,False,ORIGINAL
UK131,04f5fd88e0d3bf5692833a97649697b6,d813685481e1e769c9968895601aa06a,20260420,246.0,False,False,ORIGINAL
SJ150,225fb0760ffcd1233b1e4a61a511e724,fe10005e6631d2c82bc640a5b707027e,20260420,210.0,False,False,ORIGINAL
6F097,adc4b4919d4f952851b45aa0ac117018,143c0deac2b49915503dd16a9f5462ba,20260420,77.0,False,False,ORIGINAL
6F123,96cabcf3c0a98d19c08ef1c8eeba1154,143c0deac2b49915503dd16a9f5462ba,20260420,106.0,False,False,ORIGINAL
6F017,24879a2de7527581c3dbc2294134abe5,143c0deac2b49915503dd16a9f5462ba,20260420,161.0,False,False,ORIGINAL
6F245,24879a2de7527581c3dbc2294134abe5,143c0deac2b49915503dd16a9f5462ba,20260420,161.0,False,False,ORIGINAL
6F180,71ffb94c38439501b7cb7532b20299ce,143c0deac2b49915503dd16a9f5462ba,20260420,264.0,False,False,ORIGINAL
6F152,671c750b52cf4817ef2aa56f2ace75b0,143c0deac2b49915503dd16a9f5462ba,20260420,124.0,False,False,ORIGINAL
SJ034,382e870b93a9172b725c021a093b911d,fe10005e6631d2c82bc640a5b707027e,20260420,291.0,False,False,ORIGINAL
SJ142,24879a2de7527581c3dbc2294134abe5,fe10005e6631d2c82bc640a5b707027e,20260420,102.0,False,False,ORIGINAL
UK189,9f16374b2c912e79e7314809f36c7172,d813685481e1e769c9968895601aa06a,20260420,224.0,False,False,ORIGINAL
SJ044,8ff2523fe27e0b381e5ec1a14e29a704,fe10005e6631d2c82bc640a5b707027e,20260420,157.0,False,False,ORIGINAL
SJ196,96cabcf3c0a98d19c08ef1c8eeba1154,fe10005e6631d2c82bc640a5b707027e,20260420,166.0,False,False,ORIGINAL
6F188,96cabcf3c0a98d19c08ef1c8eeba1154,143c0deac2b49915503dd16a9f5462ba,20260420,282.0,False,False,ORIGINAL
6F181,127ab6733de551c1aea35612b818c8d5,143c0deac2b49915503dd16a9f5462ba,20260420,108.0,False,False,ORIGINAL
6F077,671c750b52cf4817ef2aa56f2ace75b0,143c0deac2b49915503dd16a9f5462ba,20260420,258.0,False,False,ORIGINAL
SJ154,6ae5133ee42f35cd132a43580eeb7688,fe10005e6631d2c82bc640a5b707027e,20260420,99.0,False,False,ORIGINAL
AI025,bc77046451bd9d63487f804a25d5b6fc,1d96baf00ff457518c392cdbc36d081e,20260420,145.0,False,False,ORIGINAL
AI094,cf98c283c13881769b3b684c7653eba9,1d96baf00ff457518c392cdbc36d081e,20260420,60.00496666666666,False,False,ORIGINAL
6F191,b871fbfcad03d855bfddf41229297608,143c0deac2b49915503dd16a9f5462ba,20260420,30.0,False,False,ORIGINAL
SJ085,9f16374b2c912e79e7314809f36c7172,fe10005e6631d2c82bc640a5b707027e,20260420,270.0,False,False,ORIGINAL
6F261,671c750b52cf4817ef2aa56f2ace75b0,143c0deac2b49915503dd16a9f5462ba,20260420,178.0,False,False,DERIVED
6F129,8ff2523fe27e0b381e5ec1a14e29a704,143c0deac2b49915503dd16a9f5462ba,20260420,139.0,False,False,ORIGINAL
6F254,71ffb94c38439501b7cb7532b20299ce,143c0deac2b49915503dd16a9f5462ba,20260420,215.0,False,False,DERIVED
SJ185,4c4c8887c010c37d7c415aee9e223b86,fe10005e6631d2c82bc640a5b707027e,20260420,60.0,False,False,ORIGINAL
6F030,04f5fd88e0d3bf5692833a97649697b6,143c0deac2b49915503dd16a9f5462ba,20260420,170.0,False,False,ORIGINAL
SJ222,04f5fd88e0d3bf5692833a97649697b6,fe10005e6631d2c82bc640a5b707027e,20260420,174.0,False,False,ORIGINAL
6F259,04f5fd88e0d3bf5692833a97649697b6,143c0deac2b49915503dd16a9f5462ba,20260420,71.0,False,False,DERIVED
UK083,96cabcf3c0a98d19c08ef1c8eeba1154,d813685481e1e769c9968895601aa06a,20260420,49.0,False,False,ORIGINAL
6F051,adc4b4919d4f952851b45aa0ac117018,143c0deac2b49915503dd16a9f5462ba,20260420,120.0,False,False,ORIGINAL
SJ088,edec40d16277592f865f6f96d12c6237,fe10005e6631d2c82bc640a5b707027e,20260420,32.0,False,False,ORIGINAL
6F146,89b74decd3097ce93ec4cccfa8379efc,143c0deac2b49915503dd16a9f5462ba,20260420,76.0,False,False,ORIGINAL
6F047,b6e2cc2aaf99f21f5582a5d4b9ae2a9f,143c0deac2b49915503dd16a9f5462ba,20260420,125.0,False,False,ORIGINAL
AI077,27d0f59c48e41aa01667e01a8c02ec7b,1d96baf00ff457518c392cdbc36d081e,20260420,66.0,False,False,ORIGINAL
UK134,8a783a606a385b3bfe750ffd23c30c03,d813685481e1e769c9968895601aa06a,20260420,222.0,False,False,ORIGINAL
AI056,317ae26badc5745d08250ee7a733dd0c,1d96baf00ff457518c392cdbc36d081e,20260420,235.0,False,False,ORIGINAL
UK141,89b74decd3097ce93ec4cccfa8379efc,d813685481e1e769c9968895601aa06a,20260420,141.0,False,False,DERIVED
AI030,27d0f59c48e41aa01667e01a8c02ec7b,1d96baf00ff457518c392cdbc36d081e,20260420,199.0,False,False,ORIGINAL
AI029,b6e2cc2aaf99f21f5582a5d4b9ae2a9f,1d96baf00ff457518c392cdbc36d081e,20260420,264.0,False,False,ORIGINAL
SJ167,12a0c17677be948b58459ad87ee14879,fe10005e6631d2c82bc640a5b707027e,20260420,54.0,False,False,ORIGINAL
UK017,6ae5133ee42f35cd132a43580eeb7688,d813685481e1e769c9968895601aa06a,20260420,95.0,False,False,ORIGINAL
6F229,b6e2cc2aaf99f21f5582a5d4b9ae2a9f,143c0deac2b49915503dd16a9f5462ba,20260420,80.0,False,False,ORIGINAL
SJ117,71ffb94c38439501b7cb7532b20299ce,fe10005e6631d2c82bc640a5b707027e,20260420,236.0,False,False,ORIGINAL
6F184,382e870b93a9172b725c021a093b911d,143c0deac2b49915503dd16a9f5462ba,20260420,179.0,False,False,ORIGINAL
AI031,317ae26badc5745d08250ee7a733dd0c,1d96baf00ff457518c392cdbc36d081e,20260420,186.0,False,False,ORIGINAL
AI178,cae609ae5d68de9a8792d0e2117d4ded,1d96baf00ff457518c392cdbc36d081e,20260420,59.0,False,False,ORIGINAL
SJ089,8a783a606a385b3bfe750ffd23c30c03,fe10005e6631d2c82bc640a5b707027e,20260420,273.0,False,False,ORIGINAL
UK166,89b74decd3097ce93ec4cccfa8379efc,d813685481e1e769c9968895601aa06a,20260420,293.0,False,False,ORIGINAL
UK104,dd9b7f73506b86ec79aa343e64a2fb35,d813685481e1e769c9968895601aa06a,20260420,82.0,False,False,ORIGINAL
6F168,bc77046451bd9d63487f804a25d5b6fc,143c0deac2b49915503dd16a9f5462ba,20260420,220.0,False,False,ORIGINAL
AI222,04f5fd88e0d3bf5692833a97649697b6,1d96baf00ff457518c392cdbc36d081e,20260420,64.0,False,False,DERIVED
SJ025,4c4c8887c010c37d7c415aee9e223b86,fe10005e6631d2c82bc640a5b707027e,20260420,207.0,False,False,ORIGINAL
6F255,dd9b7f73506b86ec79aa343e64a2fb35,143c0deac2b49915503dd16a9f5462ba,20260420,214.0,False,False,DERIVED
UK228,317ae26badc5745d08250ee7a733dd0c,d813685481e1e769c9968895601aa06a,20260420,190.0,False,False,ORIGINAL
6F158,edec40d16277592f865f6f96d12c6237,143c0deac2b49915503dd16a9f5462ba,20260420,246.0,False,False,ORIGINAL
SJ218,96cabcf3c0a98d19c08ef1c8eeba1154,fe10005e6631d2c82bc640a5b707027e,20260420,185.0,False,False,ORIGINAL
6F034,04f5fd88e0d3bf5692833a97649697b6,143c0deac2b49915503dd16a9f5462ba,20260420,56.0,False,False,ORIGINAL
UK156,71ffb94c38439501b7cb7532b20299ce,d813685481e1e769c9968895601aa06a,20260420,244.0,False,False,ORIGINAL
6F105,adc4b4919d4f952851b45aa0ac117018,143c0deac2b49915503dd16a9f5462ba,20260420,72.0,False,False,ORIGINAL
6F073,8ff2523fe27e0b381e5ec1a14e29a704,143c0deac2b49915503dd16a9f5462ba,20260420,220.0,False,False,ORIGINAL
SJ074,8ff2523fe27e0b381e5ec1a14e29a704,fe10005e6631d2c82bc640a5b707027e,20260420,41.0,False,False,ORIGINAL
6F234,04f5fd88e0d3bf5692833a97649697b6,143c0deac2b49915503dd16a9f5462ba,20260420,171.0,False,False,ORIGINAL
6F068,6ae5133ee42f35cd132a43580eeb7688,143c0deac2b49915503dd16a9f5462ba,20260420,229.0,False,False,ORIGINAL
6F074,c9d4324c50c5e70095cd3e0446bcbd2d,143c0deac2b49915503dd16a9f5462ba,20260420,200.0,False,False,ORIGINAL
AI038,89b74decd3097ce93ec4cccfa8379efc,1d96baf00ff457518c392cdbc36d081e,20260420,279.0,False,False,ORIGINAL
AI079,cae609ae5d68de9a8792d0e2117d4ded,1d96baf00ff457518c392cdbc36d081e,20260420,135.0,False,False,ORIGINAL
SJ018,4c4c8887c010c37d7c415aee9e223b86,fe10005e6631d2c82bc640a5b707027e,20260420,153.0,False,False,ORIGINAL
6F018,cf98c283c13881769b3b684c7653eba9,143c0deac2b49915503dd16a9f5462ba,20260420,46.0,False,False,ORIGINAL
AI091,edec40d16277592f865f6f96d12c6237,1d96baf00ff457518c392cdbc36d081e,20260420,263.0,False,False,ORIGINAL
UK071,96cabcf3c0a98d19c08ef1c8eeba1154,d813685481e1e769c9968895601aa06a,20260420,196.0,False,False,ORIGINAL
AI019,4c4c8887c010c37d7c415aee9e223b86,1d96baf00ff457518c392cdbc36d081e,20260420,62.0,False,False,ORIGINAL
UK212,89b74decd3097ce93ec4cccfa8379efc,d813685481e1e769c9968895601aa06a,20260420,45.0,False,False,ORIGINAL
AI146,b871fbfcad03d855bfddf41229297608,1d96baf00ff457518c392cdbc36d081e,20260420,186.0,False,False,ORIGINAL
6F232,71ffb94c38439501b7cb7532b20299ce,143c0deac2b49915503dd16a9f5462ba,20260420,103.0,False,False,ORIGINAL
6F084,27d0f59c48e41aa01667e01a8c02ec7b,143c0deac2b49915503dd16a9f5462ba,20260420,60.00496666666666,False,False,ORIGINAL
AI129,4c4c8887c010c37d7c415aee9e223b86,1d96baf00ff457518c392cdbc36d081e,20260420,189.0,False,False,ORIGINAL
AI240,b6e2cc2aaf99f21f5582a5d4b9ae2a9f,1d96baf00ff457518c392cdbc36d081e,20260420,147.0,False,False,ORIGINAL
6F091,3994560a2c713f116680d065b7d4c478,143c0deac2b49915503dd16a9f5462ba,20260420,86.0,False,False,ORIGINAL
UK133,04f5fd88e0d3bf5692833a97649697b6,d813685481e1e769c9968895601aa06a,20260420,192.0,False,False,ORIGINAL
SJ007,4c4c8887c010c37d7c415aee9e223b86,fe10005e6631d2c82bc640a5b707027e,20260420,290.0,False,False,ORIGINAL
SJ141,671c750b52cf4817ef2aa56f2ace75b0,fe10005e6631d2c82bc640a5b707027e,20260420,217.0,False,False,ORIGINAL
6F049,bc77046451bd9d63487f804a25d5b6fc,143c0deac2b49915503dd16a9f5462ba,20260420,193.0,False,False,ORIGINAL
SJ235,04f5fd88e0d3bf5692833a97649697b6,fe10005e6631d2c82bc640a5b707027e,20260420,228.0,False,False,ORIGINAL
UK087,89b74decd3097ce93ec4cccfa8379efc,d813685481e1e769c9968895601aa06a,20260420,208.0,False,False,ORIGINAL
UK170,c43ed166a8fa9fe1e85762faa8bf124b,d813685481e1e769c9968895601aa06a,20260420,110.0,False,False,ORIGINAL
SJ078,96cabcf3c0a98d19c08ef1c8eeba1154,fe10005e6631d2c82bc640a5b707027e,20260420,188.0,False,False,ORIGINAL
SJ075,71ffb94c38439501b7cb7532b20299ce,fe10005e6631d2c82bc640a5b707027e,20260420,97.0,False,False,ORIGINAL
AI159,10db3418b17657f44f554b3a79b69f30,1d96baf00ff457518c392cdbc36d081e,20260420,133.0,False,False,ORIGINAL
UK120,bc77046451bd9d63487f804a25d5b6fc,d813685481e1e769c9968895601aa06a,20260420,251.0,False,False,ORIGINAL
AI059,671c750b52cf4817ef2aa56f2ace75b0,1d96baf00ff457518c392cdbc36d081e,20260420,147.0,False,False,ORIGINAL
UK040,8a783a606a385b3bfe750ffd23c30c03,d813685481e1e769c9968895601aa06a,20260420,77.0,False,False,ORIGINAL
AI044,71ffb94c38439501b7cb7532b20299ce,1d96baf00ff457518c392cdbc36d081e,20260420,213.0,False,False,DERIVED
AI078,dd9b7f73506b86ec79aa343e64a2fb35,1d96baf00ff457518c392cdbc36d081e,20260420,270.0,False,False,ORIGINAL
SJ226,c9d4324c50c5e70095cd3e0446bcbd2d,fe10005e6631d2c82bc640a5b707027e,20260420,247.0,False,False,ORIGINAL
6F209,12a0c17677be948b58459ad87ee14879,143c0deac2b49915503dd16a9f5462ba,20260420,300.0,False,False,ORIGINAL
UK193,bc77046451bd9d63487f804a25d5b6fc,d813685481e1e769c9968895601aa06a,20260420,35.0,False,False,ORIGINAL
6F092,71ffb94c38439501b7cb7532b20299ce,143c0deac2b49915503dd16a9f5462ba,20260420,36.0,False,False,ORIGINAL
AI208,adc4b4919d4f952851b45aa0ac117018,1d96baf00ff457518c392cdbc36d081e,20260420,194.0,False,False,ORIGINAL
SJ227,4c4c8887c010c37d7c415aee9e223b86,fe10005e6631d2c82bc640a5b707027e,20260420,261.0,False,False,ORIGINAL
6F238,04f5fd88e0d3bf5692833a97649697b6,143c0deac2b49915503dd16a9f5462ba,20260420,48.0,False,False,ORIGINAL
AI084,225fb0760ffcd1233b1e4a61a511e724,1d96baf00ff457518c392cdbc36d081e,20260420,75.0,False,False,ORIGINAL
SJ228,4c4c8887c010c37d7c415aee9e223b86,fe10005e6631d2c82bc640a5b707027e,20260420,227.0,False,False,ORIGINAL
UK194,24879a2de7527581c3dbc2294134abe5,d813685481e1e769c9968895601aa06a,20260420,60.00495,False,False,ORIGINAL
6F126,edec40d16277592f865f6f96d12c6237,143c0deac2b49915503dd16a9f5462ba,20260420,78.0,False,False,ORIGINAL
SJ052,71ffb94c38439501b7cb7532b20299ce,fe10005e6631d2c82bc640a5b707027e,20260420,97.0,False,False,ORIGINAL
AI233,adc4b4919d4f952851b45aa0ac117018,1d96baf00ff457518c392cdbc36d081e,20260420,108.0,False,False,ORIGINAL
AI213,8a783a606a385b3bfe750ffd23c30c03,1d96baf00ff457518c392cdbc36d081e,20260420,71.0,False,False,ORIGINAL
UK076,12a0c17677be948b58459ad87ee14879,d813685481e1e769c9968895601aa06a,20260420,263.0,False,False,ORIGINAL
SJ022,cf98c283c13881769b3b684c7653eba9,fe10005e6631d2c82bc640a5b707027e,20260420,191.0,False,False,ORIGINAL
SJ002,dd9b7f73506b86ec79aa343e64a2fb35,fe10005e6631d2c82bc640a5b707027e,20260420,286.0,False,False,ORIGINAL
AI163,89b74decd3097ce93ec4cccfa8379efc,1d96baf00ff457518c392cdbc36d081e,20260420,61.0,False,False,ORIGINAL
UK229,bc77046451bd9d63487f804a25d5b6fc,d813685481e1e769c9968895601aa06a,20260420,257.0,False,False,DERIVED
UK185,317ae26badc5745d08250ee7a733dd0c,d813685481e1e769c9968895601aa06a,20260420,77.0,False,False,ORIGINAL
6F029,c43ed166a8fa9fe1e85762faa8bf124b,143c0deac2b49915503dd16a9f5462ba,20260420,254.0,False,False,ORIGINAL
6F056,127ab6733de551c1aea35612b818c8d5,143c0deac2b49915503dd16a9f5462ba,20260420,109.0,False,False,ORIGINAL
AI062,b6e2cc2aaf99f21f5582a5d4b9ae2a9f,1d96baf00ff457518c392cdbc36d081e,20260420,36.0,False,False,ORIGINAL
UK034,cf98c283c13881769b3b684c7653eba9,d813685481e1e769c9968895601aa06a,20260420,204.0,False,False,ORIGINAL
UK079,cf98c283c13881769b3b684c7653eba9,d813685481e1e769c9968895601aa06a,20260420,231.0,False,False,ORIGINAL
AI135,adc4b4919d4f952851b45aa0ac117018,1d96baf00ff457518c392cdbc36d081e,20260420,161.0,False,False,ORIGINAL
SJ061,71ffb94c38439501b7cb7532b20299ce,fe10005e6631d2c82bc640a5b707027e,20260420,177.0,False,False,ORIGINAL
AI047,edec40d16277592f865f6f96d12c6237,1d96baf00ff457518c392cdbc36d081e,20260420,47.0,False,False,DERIVED
UK210,8ff2523fe27e0b381e5ec1a14e29a704,d813685481e1e769c9968895601aa06a,20260420,55.0,False,False,ORIGINAL
AI088,b6e2cc2aaf99f21f5582a5d4b9ae2a9f,1d96baf00ff457518c392cdbc36d081e,20260420,216.0,False,False,DERIVED
UK177,96cabcf3c0a98d19c08ef1c8eeba1154,d813685481e1e769c9968895601aa06a,20260420,269.0,False,False,ORIGINAL
AI128,4c4c8887c010c37d7c415aee9e223b86,1d96baf00ff457518c392cdbc36d081e,20260420,236.0,False,False,DERIVED
AI158,671c750b52cf4817ef2aa56f2ace75b0,1d96baf00ff457518c392cdbc36d081e,20260420,177.0,False,False,ORIGINAL
UK206,71ffb94c38439501b7cb7532b20299ce,d813685481e1e769c9968895601aa06a,20260420,273.0,False,False,ORIGINAL
SJ138,adc4b4919d4f952851b45aa0ac117018,fe10005e6631d2c82bc640a5b707027e,20260420,48.0,False,False,DERIVED
AI034,dd9b7f73506b86ec79aa343e64a2fb35,1d96baf00ff457518c392cdbc36d081e,20260420,283.0,False,False,ORIGINAL
AI012,4c4c8887c010c37d7c415aee9e223b86,1d96baf00ff457518c392cdbc36d081e,20260420,243.0,False,False,ORIGINAL
6F083,b871fbfcad03d855bfddf41229297608,143c0deac2b49915503dd16a9f5462ba,20260420,39.0,False,False,ORIGINAL
SJ083,71ffb94c38439501b7cb7532b20299ce,fe10005e6631d2c82bc640a5b707027e,20260420,184.0,False,False,ORIGINAL
SJ186,671c750b52cf4817ef2aa56f2ace75b0,fe10005e6631d2c82bc640a5b707027e,20260420,131.0,False,False,ORIGINAL
UK001,671c750b52cf4817ef2aa56f2ace75b0,d813685481e1e769c9968895601aa06a,20260420,85.0,False,False,ORIGINAL
AI217,cae609ae5d68de9a8792d0e2117d4ded,1d96baf00ff457518c392cdbc36d081e,20260420,137.0,False,False,ORIGINAL
6F178,4c4c8887c010c37d7c415aee9e223b86,143c0deac2b49915503dd16a9f5462ba,20260420,263.0,False,False,ORIGINAL
UK015,adc4b4919d4f952851b45aa0ac117018,d813685481e1e769c9968895601aa06a,20260420,107.0,False,False,ORIGINAL
AI112,cf98c283c13881769b3b684c7653eba9,1d96baf00ff457518c392cdbc36d081e,20260420,223.0,False,False,ORIGINAL
UK100,cae609ae5d68de9a8792d0e2117d4ded,d813685481e1e769c9968895601aa06a,20260420,152.0,False,False,ORIGINAL
6F133,71ffb94c38439501b7cb7532b20299ce,143c0deac2b49915503dd16a9f5462ba,20260420,107.0,False,False,ORIGINAL
AI227,9f16374b2c912e79e7314809f36c7172,1d96baf00ff457518c392cdbc36d081e,20260420,226.0,False,False,ORIGINAL
UK093,8a783a606a385b3bfe750ffd23c30c03,d813685481e1e769c9968895601aa06a,20260420,50.0,False,False,ORIGINAL
UK203,6ae5133ee42f35cd132a43580eeb7688,d813685481e1e769c9968895601aa06a,20260420,72.0,False,False,ORIGINAL
UK154,a51d75f60b5853f2ce43d68ddc769a90,d813685481e1e769c9968895601aa06a,20260420,237.0,False,False,ORIGINAL
UK073,3994560a2c713f116680d065b7d4c478,d813685481e1e769c9968895601aa06a,20260420,250.0,False,False,ORIGINAL
AI164,cf98c283c13881769b3b684c7653eba9,1d96baf00ff457518c392cdbc36d081e,20260420,108.0,False,False,ORIGINAL
UK008,cae609ae5d68de9a8792d0e2117d4ded,d813685481e1e769c9968895601aa06a,20260420,37.0,False,False,ORIGINAL
UK051,bc77046451bd9d63487f804a25d5b6fc,d813685481e1e769c9968895601aa06a,20260420,180.0,False,False,ORIGINAL
UK208,8ff2523fe27e0b381e5ec1a14e29a704,d813685481e1e769c9968895601aa06a,20260420,297.0,False,False,ORIGINAL
AI150,04f5fd88e0d3bf5692833a97649697b6,1d96baf00ff457518c392cdbc36d081e,20260420,47.0,False,False,ORIGINAL
AI189,671c750b52cf4817ef2aa56f2ace75b0,1d96baf00ff457518c392cdbc36d081e,20260420,108.0,False,False,ORIGINAL
6F230,cae609ae5d68de9a8792d0e2117d4ded,143c0deac2b49915503dd16a9f5462ba,20260420,193.0,False,False,ORIGINAL
6F169,04f5fd88e0d3bf5692833a97649697b6,143c0deac2b49915503dd16a9f5462ba,20260420,279.0,False,False,ORIGINAL
AI205,adc4b4919d4f952851b45aa0ac117018,1d96baf00ff457518c392cdbc36d081e,20260420,108.0,False,False,ORIGINAL
AI103,adc4b4919d4f952851b45aa0ac117018,1d96baf00ff457518c392cdbc36d081e,20260420,38.0,False,False,ORIGINAL
AI246,c43ed166a8fa9fe1e85762faa8bf124b,1d96baf00ff457518c392cdbc36d081e,20260420,199.0,False,False,ORIGINAL
6F187,127ab6733de551c1aea35612b818c8d5,143c0deac2b49915503dd16a9f5462ba,20260420,258.0,False,False,ORIGINAL
AI082,8ff2523fe27e0b381e5ec1a14e29a704,1d96baf00ff457518c392cdbc36d081e,20260420,162.0,False,False,ORIGINAL
UK116,24879a2de7527581c3dbc2294134abe5,d813685481e1e769c9968895601aa06a,20260420,228.0,False,False,ORIGINAL
SJ169,127ab6733de551c1aea35612b818c8d5,fe10005e6631d2c82bc640a5b707027e,20260420,286.0,False,False,ORIGINAL
AI175,225fb0760ffcd1233b1e4a61a511e724,1d96baf00ff457518c392cdbc36d081e,20260420,227.0,False,False,ORIGINAL
SJ098,89b74decd3097ce93ec4cccfa8379efc,fe10005e6631d2c82bc640a5b707027e,20260420,35.0,False,False,ORIGINAL
SJ191,adc4b4919d4f952851b45aa0ac117018,fe10005e6631d2c82bc640a5b707027e,20260420,82.0,False,False,ORIGINAL
SJ017,317ae26badc5745d08250ee7a733dd0c,fe10005e6631d2c82bc640a5b707027e,20260420,123.0,False,False,ORIGINAL
UK188,71ffb94c38439501b7cb7532b20299ce,d813685481e1e769c9968895601aa06a,20260420,49.0,False,False,ORIGINAL
AI196,a51d75f60b5853f2ce43d68ddc769a90,1d96baf00ff457518c392cdbc36d081e,20260420,93.0,False,False,ORIGINAL
AI068,c43ed166a8fa9fe1e85762faa8bf124b,1d96baf00ff457518c392cdbc36d081e,20260420,120.00496666666666,False,False,ORIGINAL
SJ097,4c4c8887c010c37d7c415aee9e223b86,fe10005e6631d2c82bc640a5b707027e,20260420,170.0,False,False,ORIGINAL
SJ030,96cabcf3c0a98d19c08ef1c8eeba1154,fe10005e6631d2c82bc640a5b707027e,20260420,43.0,False,False,ORIGINAL
6F179,89b74decd3097ce93ec4cccfa8379efc,143c0deac2b49915503dd16a9f5462ba,20260420,255.0,False,False,ORIGINAL
6F156,382e870b93a9172b725c021a093b911d,143c0deac2b49915503dd16a9f5462ba,20260420,154.0,False,False,ORIGINAL
SJ057,4c4c8887c010c37d7c415aee9e223b86,fe10005e6631d2c82bc640a5b707027e,20260420,192.0,False,False,ORIGINAL
6F036,cae609ae5d68de9a8792d0e2117d4ded,143c0deac2b49915503dd16a9f5462ba,20260420,283.0,False,False,ORIGINAL
6F201,24879a2de7527581c3dbc2294134abe5,143c0deac2b49915503dd16a9f5462ba,20260420,280.0,False,False,ORIGINAL
6F143,671c750b52cf4817ef2aa56f2ace75b0,143c0deac2b49915503dd16a9f5462ba,20260420,239.0,False,False,ORIGINAL
6F177,89b74decd3097ce93ec4cccfa8379efc,143c0deac2b49915503dd16a9f5462ba,20260420,142.0,False,False,ORIGINAL
6F031,c43ed166a8fa9fe1e85762faa8bf124b,143c0deac2b49915503dd16a9f5462ba,20260420,277.0,False,False,ORIGINAL
UK165,cf98c283c13881769b3b684c7653eba9,d813685481e1e769c9968895601aa06a,20260420,253.0,False,False,ORIGINAL
6F122,cf98c283c13881769b3b684c7653eba9,143c0deac2b49915503dd16a9f5462ba,20260420,224.0,False,False,ORIGINAL
AI009,8ff2523fe27e0b381e5ec1a14e29a704,1d96baf00ff457518c392cdbc36d081e,20260420,154.0,False,False,DERIVED
6F046,cf98c283c13881769b3b684c7653eba9,143c0deac2b49915503dd16a9f5462ba,20260420,221.0,False,False,ORIGINAL
AI051,71ffb94c38439501b7cb7532b20299ce,1d96baf00ff457518c392cdbc36d081e,20260420,55.0,False,False,ORIGINAL
UK222,4c4c8887c010c37d7c415aee9e223b86,d813685481e1e769c9968895601aa06a,20260420,95.0,False,False,ORIGINAL
SJ127,04f5fd88e0d3bf5692833a97649697b6,fe10005e6631d2c82bc640a5b707027e,20260420,157.0,False,False,ORIGINAL
AI226,6ae5133ee42f35cd132a43580eeb7688,1d96baf00ff457518c392cdbc36d081e,20260420,169.0,False,False,DERIVED
AI216,4c4c8887c010c37d7c415aee9e223b86,1d96baf00ff457518c392cdbc36d081e,20260420,84.0,False,False,ORIGINAL
6F058,4c4c8887c010c37d7c415aee9e223b86,143c0deac2b49915503dd16a9f5462ba,20260420,149.0,False,False,ORIGINAL
SJ207,8ff2523fe27e0b381e5ec1a14e29a704,fe10005e6631d2c82bc640a5b707027e,20260420,193.0,False,False,ORIGINAL
SJ198,24879a2de7527581c3dbc2294134abe5,fe10005e6631d2c82bc640a5b707027e,20260420,281.0,False,False,ORIGINAL
SJ108,6ae5133ee42f35cd132a43580eeb7688,fe10005e6631d2c82bc640a5b707027e,20260420,156.0,False,False,ORIGINAL
SJ155,8ff2523fe27e0b381e5ec1a14e29a704,fe10005e6631d2c82bc640a5b707027e,20260420,300.0,False,False,ORIGINAL
6F193,127ab6733de551c1aea35612b818c8d5,143c0deac2b49915503dd16a9f5462ba,20260420,118.0,False,False,ORIGINAL
6F019,adc4b4919d4f952851b45aa0ac117018,143c0deac2b49915503dd16a9f5462ba,20260420,235.0,False,False,ORIGINAL
AI102,cae609ae5d68de9a8792d0e2117d4ded,1d96baf00ff457518c392cdbc36d081e,20260420,291.0,False,False,ORIGINAL
6F166,4c4c8887c010c37d7c415aee9e223b86,143c0deac2b49915503dd16a9f5462ba,20260420,270.0,False,False,ORIGINAL
UK175,adc4b4919d4f952851b45aa0ac117018,d813685481e1e769c9968895601aa06a,20260419,202.0,False,False,ORIGINAL
6F010,cf98c283c13881769b3b684c7653eba9,143c0deac2b49915503dd16a9f5462ba,20260419,231.0,False,False,ORIGINAL
AI234,127ab6733de551c1aea35612b818c8d5,1d96baf00ff457518c392cdbc36d081e,20260419,104.0,False,False,ORIGINAL
UK135,bc77046451bd9d63487f804a25d5b6fc,d813685481e1e769c9968895601aa06a,20260419,113.0,False,False,ORIGINAL
6F272,89b74decd3097ce93ec4cccfa8379efc,143c0deac2b49915503dd16a9f5462ba,20260419,47.0,False,False,DERIVED
AI061,4c4c8887c010c37d7c415aee9e223b86,1d96baf00ff457518c392cdbc36d081e,20260419,91.0,False,False,ORIGINAL
6F070,bc77046451bd9d63487f804a25d5b6fc,143c0deac2b49915503dd16a9f5462ba,20260419,181.0,False,False,ORIGINAL
AI015,3994560a2c713f116680d065b7d4c478,1d96baf00ff457518c392cdbc36d081e,20260419,114.0,False,False,ORIGINAL
SJ076,317ae26badc5745d08250ee7a733dd0c,fe10005e6631d2c82bc640a5b707027e,20260419,181.0,False,False,ORIGINAL
SJ029,bc77046451bd9d63487f804a25d5b6fc,fe10005e6631d2c82bc640a5b707027e,20260419,87.0,False,False,DERIVED
SJ194,671c750b52cf4817ef2aa56f2ace75b0,fe10005e6631d2c82bc640a5b707027e,20260419,225.0,False,False,ORIGINAL
AI235,6ae5133ee42f35cd132a43580eeb7688,1d96baf00ff457518c392cdbc36d081e,20260419,207.0,False,False,ORIGINAL
SJ048,71ffb94c38439501b7cb7532b20299ce,fe10005e6631d2c82bc640a5b707027e,20260419,96.0,False,False,ORIGINAL
SJ114,bc77046451bd9d63487f804a25d5b6fc,fe10005e6631d2c82bc640a5b707027e,20260419,200.0,False,False,ORIGINAL
SJ146,10db3418b17657f44f554b3a79b69f30,fe10005e6631d2c82bc640a5b707027e,20260419,116.0,False,False,ORIGINAL
UK041,89b74decd3097ce93ec4cccfa8379efc,d813685481e1e769c9968895601aa06a,20260419,67.0,False,False,ORIGINAL
6F075,4c4c8887c010c37d7c415aee9e223b86,143c0deac2b49915503dd16a9f5462ba,20260419,282.0,False,False,ORIGINAL
SJ020,adc4b4919d4f952851b45aa0ac117018,fe10005e6631d2c82bc640a5b707027e,20260419,249.0,False,False,ORIGINAL
SJ099,71ffb94c38439501b7cb7532b20299ce,fe10005e6631d2c82bc640a5b707027e,20260419,140.0,False,False,DERIVED
6F078,4c4c8887c010c37d7c415aee9e223b86,143c0deac2b49915503dd16a9f5462ba,20260419,93.0,False,False,ORIGINAL
UK219,225fb0760ffcd1233b1e4a61a511e724,d813685481e1e769c9968895601aa06a,20260419,258.0,False,False,ORIGINAL
UK223,671c750b52cf4817ef2aa56f2ace75b0,d813685481e1e769c9968895601aa06a,20260419,32.0,False,False,ORIGINAL
UK227,225fb0760ffcd1233b1e4a61a511e724,d813685481e1e769c9968895601aa06a,20260419,230.0,False,False,ORIGINAL
6F260,671c750b52cf4817ef2aa56f2ace75b0,143c0deac2b49915503dd16a9f5462ba,20260419,203.0,False,False,DERIVED
AI096,671c750b52cf4817ef2aa56f2ace75b0,1d96baf00ff457518c392cdbc36d081e,20260419,298.0,False,False,ORIGINAL
6F022,71ffb94c38439501b7cb7532b20299ce,143c0deac2b49915503dd16a9f5462ba,20260419,259.0,False,False,ORIGINAL
6F237,89b74decd3097ce93ec4cccfa8379efc,143c0deac2b49915503dd16a9f5462ba,20260419,183.0,False,False,ORIGINAL
UK146,127ab6733de551c1aea35612b818c8d5,d813685481e1e769c9968895601aa06a,20260419,148.0,False,False,ORIGINAL
SJ015,4c4c8887c010c37d7c415aee9e223b86,fe10005e6631d2c82bc640a5b707027e,20260419,72.0,False,False,ORIGINAL
AI108,3994560a2c713f116680d065b7d4c478,1d96baf00ff457518c392cdbc36d081e,20260419,165.0,False,False,ORIGINAL
UK020,71ffb94c38439501b7cb7532b20299ce,d813685481e1e769c9968895601aa06a,20260419,75.0,False,False,ORIGINAL
6F113,4c4c8887c010c37d7c415aee9e223b86,143c0deac2b49915503dd16a9f5462ba,20260419,266.0,False,False,ORIGINAL
6F112,bc77046451bd9d63487f804a25d5b6fc,143c0deac2b49915503dd16a9f5462ba,20260419,136.0,False,False,ORIGINAL
6F246,bc77046451bd9d63487f804a25d5b6fc,143c0deac2b49915503dd16a9f5462ba,20260419,136.0,False,False,ORIGINAL
UK158,127ab6733de551c1aea35612b818c8d5,d813685481e1e769c9968895601aa06a,20260419,33.0,False,False,ORIGINAL
UK159,cae609ae5d68de9a8792d0e2117d4ded,d813685481e1e769c9968895601aa06a,20260419,167.0,False,False,ORIGINAL
UK084,b6e2cc2aaf99f21f5582a5d4b9ae2a9f,d813685481e1e769c9968895601aa06a,20260419,216.0,False,False,ORIGINAL
SJ206,8ff2523fe27e0b381e5ec1a14e29a704,fe10005e6631d2c82bc640a5b707027e,20260419,278.0,False,False,ORIGINAL
UK044,adc4b4919d4f952851b45aa0ac117018,d813685481e1e769c9968895601aa06a,20260419,178.0,False,False,ORIGINAL
SJ036,96cabcf3c0a98d19c08ef1c8eeba1154,fe10005e6631d2c82bc640a5b707027e,20260419,210.0,False,False,ORIGINAL
6F176,671c750b52cf4817ef2aa56f2ace75b0,143c0deac2b49915503dd16a9f5462ba,20260419,180.0,False,False,ORIGINAL
6F148,24879a2de7527581c3dbc2294134abe5,143c0deac2b49915503dd16a9f5462ba,20260419,127.0,False,False,ORIGINAL
6F202,10db3418b17657f44f554b3a79b69f30,143c0deac2b49915503dd16a9f5462ba,20260419,210.0,False,False,ORIGINAL
6F071,8ff2523fe27e0b381e5ec1a14e29a704,143c0deac2b49915503dd16a9f5462ba,20260419,253.0,False,False,ORIGINAL
AI105,671c750b52cf4817ef2aa56f2ace75b0,1d96baf00ff457518c392cdbc36d081e,20260419,107.0,False,False,ORIGINAL
AI241,10db3418b17657f44f554b3a79b69f30,1d96baf00ff457518c392cdbc36d081e,20260419,127.0,False,False,ORIGINAL
SJ162,96cabcf3c0a98d19c08ef1c8eeba1154,fe10005e6631d2c82bc640a5b707027e,20260419,139.0,False,False,ORIGINAL
6F003,c9d4324c50c5e70095cd3e0446bcbd2d,143c0deac2b49915503dd16a9f5462ba,20260419,187.0,False,False,ORIGINAL
6F249,c9d4324c50c5e70095cd3e0446bcbd2d,143c0deac2b49915503dd16a9f5462ba,20260419,187.0,False,False,ORIGINAL
AI237,4c4c8887c010c37d7c415aee9e223b86,1d96baf00ff457518c392cdbc36d081e,20260419,195.0,False,False,ORIGINAL
SJ134,4c4c8887c010c37d7c415aee9e223b86,fe10005e6631d2c82bc640a5b707027e,20260419,257.0,False,False,ORIGINAL
AI071,127ab6733de551c1aea35612b818c8d5,1d96baf00ff457518c392cdbc36d081e,20260419,183.0,False,False,ORIGINAL
6F118,27d0f59c48e41aa01667e01a8c02ec7b,143c0deac2b49915503dd16a9f5462ba,20260419,69.0,False,False,ORIGINAL
6F014,317ae26badc5745d08250ee7a733dd0c,143c0deac2b49915503dd16a9f5462ba,20260419,213.0,False,False,ORIGINAL
6F065,71ffb94c38439501b7cb7532b20299ce,143c0deac2b49915503dd16a9f5462ba,20260419,163.0,False,False,ORIGINAL
6F271,89b74decd3097ce93ec4cccfa8379efc,143c0deac2b49915503dd16a9f5462ba,20260419,199.0,False,False,DERIVED
SJ070,12a0c17677be948b58459ad87ee14879,fe10005e6631d2c82bc640a5b707027e,20260419,113.0,False,False,ORIGINAL
6F007,89b74decd3097ce93ec4cccfa8379efc,143c0deac2b49915503dd16a9f5462ba,20260419,59.0,False,False,ORIGINAL
UK007,96cabcf3c0a98d19c08ef1c8eeba1154,d813685481e1e769c9968895601aa06a,20260419,134.0,False,False,ORIGINAL
SJ192,c9d4324c50c5e70095cd3e0446bcbd2d,fe10005e6631d2c82bc640a5b707027e,20260419,300.0,True,False,ORIGINAL
AI097,89b74decd3097ce93ec4cccfa8379efc,1d96baf00ff457518c392cdbc36d081e,20260419,292.0,False,False,ORIGINAL
6F256,4c4c8887c010c37d7c415aee9e223b86,143c0deac2b49915503dd16a9f5462ba,20260419,33.0,False,False,DERIVED
UK047,6ae5133ee42f35cd132a43580eeb7688,d813685481e1e769c9968895601aa06a,20260419,245.0,False,False,ORIGINAL
AI024,382e870b93a9172b725c021a093b911d,1d96baf00ff457518c392cdbc36d081e,20260419,67.0,False,False,ORIGINAL
UK113,671c750b52cf4817ef2aa56f2ace75b0,d813685481e1e769c9968895601aa06a,20260419,264.0,False,False,ORIGINAL
SJ163,96cabcf3c0a98d19c08ef1c8eeba1154,fe10005e6631d2c82bc640a5b707027e,20260419,276.0,False,False,ORIGINAL
SJ208,96cabcf3c0a98d19c08ef1c8eeba1154,fe10005e6631d2c82bc640a5b707027e,20260419,61.0,False,False,ORIGINAL
SJ221,a51d75f60b5853f2ce43d68ddc769a90,fe10005e6631d2c82bc640a5b707027e,20260419,286.0,False,False,ORIGINAL
SJ084,89b74decd3097ce93ec4cccfa8379efc,fe10005e6631d2c82bc640a5b707027e,20260419,59.0,False,False,ORIGINAL
6F127,c9d4324c50c5e70095cd3e0446bcbd2d,143c0deac2b49915503dd16a9f5462ba,20260419,241.0,False,False,ORIGINAL
AI122,4c4c8887c010c37d7c415aee9e223b86,1d96baf00ff457518c392cdbc36d081e,20260419,251.0,False,False,ORIGINAL
AI139,89b74decd3097ce93ec4cccfa8379efc,1d96baf00ff457518c392cdbc36d081e,20260419,61.0,False,False,ORIGINAL
UK149,b6e2cc2aaf99f21f5582a5d4b9ae2a9f,d813685481e1e769c9968895601aa06a,20260419,286.0,False,False,ORIGINAL
AI149,225fb0760ffcd1233b1e4a61a511e724,1d96baf00ff457518c392cdbc36d081e,20260419,197.0,False,False,ORIGINAL
SJ243,b871fbfcad03d855bfddf41229297608,fe10005e6631d2c82bc640a5b707027e,20260419,286.0,False,False,ORIGINAL
AI053,671c750b52cf4817ef2aa56f2ace75b0,1d96baf00ff457518c392cdbc36d081e,20260419,255.0,False,False,ORIGINAL
UK061,adc4b4919d4f952851b45aa0ac117018,d813685481e1e769c9968895601aa06a,20260419,110.0,False,False,ORIGINAL
SJ004,b6e2cc2aaf99f21f5582a5d4b9ae2a9f,fe10005e6631d2c82bc640a5b707027e,20260419,189.0,False,False,ORIGINAL
AI173,bc77046451bd9d63487f804a25d5b6fc,1d96baf00ff457518c392cdbc36d081e,20260419,291.0,False,False,ORIGINAL
6F085,89b74decd3097ce93ec4cccfa8379efc,143c0deac2b49915503dd16a9f5462ba,20260419,120.00496666666666,False,False,ORIGINAL
AI252,bc77046451bd9d63487f804a25d5b6fc,1d96baf00ff457518c392cdbc36d081e,20260419,264.0,False,False,DERIVED
SJ109,04f5fd88e0d3bf5692833a97649697b6,fe10005e6631d2c82bc640a5b707027e,20260419,184.0,False,False,ORIGINAL
UK123,04f5fd88e0d3bf5692833a97649697b6,d813685481e1e769c9968895601aa06a,20260419,174.0,False,False,ORIGINAL
6F125,4c4c8887c010c37d7c415aee9e223b86,143c0deac2b49915503dd16a9f5462ba,20260419,244.0,False,False,ORIGINAL
UK183,3994560a2c713f116680d065b7d4c478,d813685481e1e769c9968895601aa06a,20260419,83.0,False,False,ORIGINAL
AI110,4c4c8887c010c37d7c415aee9e223b86,1d96baf00ff457518c392cdbc36d081e,20260419,293.0,False,False,ORIGINAL
UK105,27d0f59c48e41aa01667e01a8c02ec7b,d813685481e1e769c9968895601aa06a,20260419,67.0,False,False,ORIGINAL
6F128,bc77046451bd9d63487f804a25d5b6fc,143c0deac2b49915503dd16a9f5462ba,20260419,67.0,False,False,ORIGINAL
6F224,317ae26badc5745d08250ee7a733dd0c,143c0deac2b49915503dd16a9f5462ba,20260419,119.0,False,False,ORIGINAL
SJ130,04f5fd88e0d3bf5692833a97649697b6,fe10005e6631d2c82bc640a5b707027e,20260419,240.0,False,False,ORIGINAL
AI224,96cabcf3c0a98d19c08ef1c8eeba1154,1d96baf00ff457518c392cdbc36d081e,20260419,285.0,False,False,ORIGINAL
SJ182,24879a2de7527581c3dbc2294134abe5,fe10005e6631d2c82bc640a5b707027e,20260419,48.0,False,False,ORIGINAL
UK164,225fb0760ffcd1233b1e4a61a511e724,d813685481e1e769c9968895601aa06a,20260419,264.0,False,False,ORIGINAL
AI161,24879a2de7527581c3dbc2294134abe5,1d96baf00ff457518c392cdbc36d081e,20260419,180.0,False,False,ORIGINAL
6F206,dd9b7f73506b86ec79aa343e64a2fb35,143c0deac2b49915503dd16a9f5462ba,20260419,260.0,False,False,ORIGINAL
SJ204,671c750b52cf4817ef2aa56f2ace75b0,fe10005e6631d2c82bc640a5b707027e,20260419,101.0,False,False,ORIGINAL
AI206,edec40d16277592f865f6f96d12c6237,1d96baf00ff457518c392cdbc36d081e,20260419,211.0,False,False,ORIGINAL
6F140,27d0f59c48e41aa01667e01a8c02ec7b,143c0deac2b49915503dd16a9f5462ba,20260419,111.0,False,False,ORIGINAL
6F253,71ffb94c38439501b7cb7532b20299ce,143c0deac2b49915503dd16a9f5462ba,20260419,118.0,False,False,DERIVED
SJ203,96cabcf3c0a98d19c08ef1c8eeba1154,fe10005e6631d2c82bc640a5b707027e,20260419,125.0,False,False,DERIVED
SJ161,71ffb94c38439501b7cb7532b20299ce,fe10005e6631d2c82bc640a5b707027e,20260419,42.0,False,False,ORIGINAL
AI098,89b74decd3097ce93ec4cccfa8379efc,1d96baf00ff457518c392cdbc36d081e,20260419,130.0,False,False,ORIGINAL
AI168,8ff2523fe27e0b381e5ec1a14e29a704,1d96baf00ff457518c392cdbc36d081e,20260419,270.0,False,False,DERIVED
UK190,cf98c283c13881769b3b684c7653eba9,d813685481e1e769c9968895601aa06a,20260419,184.0,False,False,ORIGINAL
AI085,96cabcf3c0a98d19c08ef1c8eeba1154,1d96baf00ff457518c392cdbc36d081e,20260419,288.0,False,False,ORIGINAL
AI076,adc4b4919d4f952851b45aa0ac117018,1d96baf00ff457518c392cdbc36d081e,20260419,35.0,False,False,ORIGINAL
UK130,71ffb94c38439501b7cb7532b20299ce,d813685481e1e769c9968895601aa06a,20260419,247.0,False,False,ORIGINAL
6F038,89b74decd3097ce93ec4cccfa8379efc,143c0deac2b49915503dd16a9f5462ba,20260419,237.0,False,False,ORIGINAL
UK110,bc77046451bd9d63487f804a25d5b6fc,d813685481e1e769c9968895601aa06a,20260419,287.0,False,False,ORIGINAL
SJ013,317ae26badc5745d08250ee7a733dd0c,fe10005e6631d2c82bc640a5b707027e,20260419,269.0,False,False,ORIGINAL
AI039,71ffb94c38439501b7cb7532b20299ce,1d96baf00ff457518c392cdbc36d081e,20260419,212.0,False,False,ORIGINAL
AI248,671c750b52cf4817ef2aa56f2ace75b0,1d96baf00ff457518c392cdbc36d081e,20260419,78.0,False,False,ORIGINAL
6F199,317ae26badc5745d08250ee7a733dd0c,143c0deac2b49915503dd16a9f5462ba,20260419,137.0,False,False,ORIGINAL
AI225,c43ed166a8fa9fe1e85762faa8bf124b,1d96baf00ff457518c392cdbc36d081e,20260419,56.0,False,False,ORIGINAL
SJ028,24879a2de7527581c3dbc2294134abe5,fe10005e6631d2c82bc640a5b707027e,20260419,268.0,False,False,ORIGINAL
SJ012,10db3418b17657f44f554b3a79b69f30,fe10005e6631d2c82bc640a5b707027e,20260419,71.0,False,False,ORIGINAL
SJ131,a51d75f60b5853f2ce43d68ddc769a90,fe10005e6631d2c82bc640a5b707027e,20260419,67.0,False,False,ORIGINAL
AI010,225fb0760ffcd1233b1e4a61a511e724,1d96baf00ff457518c392cdbc36d081e,20260419,288.0,False,False,ORIGINAL
6F020,225fb0760ffcd1233b1e4a61a511e724,143c0deac2b49915503dd16a9f5462ba,20260419,105.0,False,False,ORIGINAL
SJ038,b871fbfcad03d855bfddf41229297608,fe10005e6631d2c82bc640a5b707027e,20260419,169.0,False,False,ORIGINAL
UK204,b871fbfcad03d855bfddf41229297608,d813685481e1e769c9968895601aa06a,20260419,98.0,False,False,ORIGINAL
AI036,4c4c8887c010c37d7c415aee9e223b86,1d96baf00ff457518c392cdbc36d081e,20260419,91.0,False,False,ORIGINAL
AI100,24879a2de7527581c3dbc2294134abe5,1d96baf00ff457518c392cdbc36d081e,20260419,220.0,False,False,DERIVED
SJ215,671c750b52cf4817ef2aa56f2ace75b0,fe10005e6631d2c82bc640a5b707027e,20260419,95.0,False,False,ORIGINAL
UK155,a51d75f60b5853f2ce43d68ddc769a90,d813685481e1e769c9968895601aa06a,20260419,243.0,False,False,ORIGINAL
SJ173,27d0f59c48e41aa01667e01a8c02ec7b,fe10005e6631d2c82bc640a5b707027e,20260419,102.0,False,False,ORIGINAL
UK179,96cabcf3c0a98d19c08ef1c8eeba1154,d813685481e1e769c9968895601aa06a,20260419,290.0,False,False,ORIGINAL
UK221,671c750b52cf4817ef2aa56f2ace75b0,d813685481e1e769c9968895601aa06a,20260419,266.0,False,False,ORIGINAL
UK023,317ae26badc5745d08250ee7a733dd0c,d813685481e1e769c9968895601aa06a,20260419,288.0,False,False,ORIGINAL
SJ107,127ab6733de551c1aea35612b818c8d5,fe10005e6631d2c82bc640a5b707027e,20260419,268.0,False,False,ORIGINAL
AI073,c43ed166a8fa9fe1e85762faa8bf124b,1d96baf00ff457518c392cdbc36d081e,20260419,122.0,False,False,ORIGINAL
SJ187,71ffb94c38439501b7cb7532b20299ce,fe10005e6631d2c82bc640a5b707027e,20260419,203.0,False,False,ORIGINAL
UK058,382e870b93a9172b725c021a093b911d,d813685481e1e769c9968895601aa06a,20260419,198.0,False,False,ORIGINAL
SJ063,382e870b93a9172b725c021a093b911d,fe10005e6631d2c82bc640a5b707027e,20260419,105.0,False,False,ORIGINAL
SJ062,6ae5133ee42f35cd132a43580eeb7688,fe10005e6631d2c82bc640a5b707027e,20260419,209.0,False,False,ORIGINAL
UK048,b6e2cc2aaf99f21f5582a5d4b9ae2a9f,d813685481e1e769c9968895601aa06a,20260419,285.0,False,False,ORIGINAL
AI181,a51d75f60b5853f2ce43d68ddc769a90,1d96baf00ff457518c392cdbc36d081e,20260419,206.0,False,False,ORIGINAL
AI003,6ae5133ee42f35cd132a43580eeb7688,1d96baf00ff457518c392cdbc36d081e,20260419,208.0,False,False,ORIGINAL
6F041,382e870b93a9172b725c021a093b911d,143c0deac2b49915503dd16a9f5462ba,20260419,209.0,False,False,ORIGINAL
6F175,12a0c17677be948b58459ad87ee14879,143c0deac2b49915503dd16a9f5462ba,20260419,115.0,False,False,ORIGINAL
6F013,4c4c8887c010c37d7c415aee9e223b86,143c0deac2b49915503dd16a9f5462ba,20260419,290.0,False,False,ORIGINAL
SJ040,4c4c8887c010c37d7c415aee9e223b86,fe10005e6631d2c82bc640a5b707027e,20260419,212.0,False,False,ORIGINAL
SJ016,8a783a606a385b3bfe750ffd23c30c03,fe10005e6631d2c82bc640a5b707027e,20260419,205.0,False,False,ORIGINAL
6F135,a51d75f60b5853f2ce43d68ddc769a90,143c0deac2b49915503dd16a9f5462ba,20260419,46.0,False,False,ORIGINAL
6F150,89b74decd3097ce93ec4cccfa8379efc,143c0deac2b49915503dd16a9f5462ba,20260419,238.0,False,False,ORIGINAL
AI083,dd9b7f73506b86ec79aa343e64a2fb35,1d96baf00ff457518c392cdbc36d081e,20260419,43.0,False,False,ORIGINAL
SJ166,27d0f59c48e41aa01667e01a8c02ec7b,fe10005e6631d2c82bc640a5b707027e,20260419,207.0,False,False,ORIGINAL
SJ027,127ab6733de551c1aea35612b818c8d5,fe10005e6631d2c82bc640a5b707027e,20260419,263.0,False,False,DERIVED
6F134,9f16374b2c912e79e7314809f36c7172,143c0deac2b49915503dd16a9f5462ba,20260419,79.0,False,False,ORIGINAL
UK225,71ffb94c38439501b7cb7532b20299ce,d813685481e1e769c9968895601aa06a,20260419,136.0,False,False,ORIGINAL
SJ175,71ffb94c38439501b7cb7532b20299ce,fe10005e6631d2c82bc640a5b707027e,20260419,244.0,False,False,ORIGINAL
AI182,bc77046451bd9d63487f804a25d5b6fc,1d96baf00ff457518c392cdbc36d081e,20260419,273.0,False,False,ORIGINAL
AI190,4c4c8887c010c37d7c415aee9e223b86,1d96baf00ff457518c392cdbc36d081e,20260419,198.0,False,False,ORIGINAL
AI120,12a0c17677be948b58459ad87ee14879,1d96baf00ff457518c392cdbc36d081e,20260419,126.0,False,False,ORIGINAL
6F132,382e870b93a9172b725c021a093b911d,143c0deac2b49915503dd16a9f5462ba,20260419,60.00496666666666,False,False,ORIGINAL
UK102,8a783a606a385b3bfe750ffd23c30c03,d813685481e1e769c9968895601aa06a,20260419,123.0,False,False,ORIGINAL
AI045,89b74decd3097ce93ec4cccfa8379efc,1d96baf00ff457518c392cdbc36d081e,20260419,159.0,False,False,ORIGINAL
UK136,8a783a606a385b3bfe750ffd23c30c03,d813685481e1e769c9968895601aa06a,20260419,223.0,False,False,ORIGINAL
SJ238,71ffb94c38439501b7cb7532b20299ce,fe10005e6631d2c82bc640a5b707027e,20260419,238.0,False,False,ORIGINAL
AI193,a51d75f60b5853f2ce43d68ddc769a90,1d96baf00ff457518c392cdbc36d081e,20260419,274.0,False,False,ORIGINAL
6F001,c9d4324c50c5e70095cd3e0446bcbd2d,143c0deac2b49915503dd16a9f5462ba,20260419,95.0,False,False,ORIGINAL
6F211,71ffb94c38439501b7cb7532b20299ce,143c0deac2b49915503dd16a9f5462ba,20260419,291.0,False,False,ORIGINAL
SJ199,c9d4324c50c5e70095cd3e0446bcbd2d,fe10005e6631d2c82bc640a5b707027e,20260419,150.0,False,False,ORIGINAL
SJ050,8a783a606a385b3bfe750ffd23c30c03,fe10005e6631d2c82bc640a5b707027e,20260419,39.0,False,False,ORIGINAL
UK115,adc4b4919d4f952851b45aa0ac117018,d813685481e1e769c9968895601aa06a,20260419,120.00496666666666,False,False,ORIGINAL
AI037,c43ed166a8fa9fe1e85762faa8bf124b,1d96baf00ff457518c392cdbc36d081e,20260419,239.0,False,False,DERIVED
6F235,89b74decd3097ce93ec4cccfa8379efc,143c0deac2b49915503dd16a9f5462ba,20260419,165.0,False,False,ORIGINAL
UK111,71ffb94c38439501b7cb7532b20299ce,d813685481e1e769c9968895601aa06a,20260419,74.0,False,False,ORIGINAL
6F005,127ab6733de551c1aea35612b818c8d5,143c0deac2b49915503dd16a9f5462ba,20260419,263.0,False,False,ORIGINAL
AI198,edec40d16277592f865f6f96d12c6237,1d96baf00ff457518c392cdbc36d081e,20260419,203.0,False,False,ORIGINAL
UK184,a51d75f60b5853f2ce43d68ddc769a90,d813685481e1e769c9968895601aa06a,20260419,131.0,False,False,ORIGINAL
6F219,b6e2cc2aaf99f21f5582a5d4b9ae2a9f,143c0deac2b49915503dd16a9f5462ba,20260419,245.0,False,False,ORIGINAL
UK066,4c4c8887c010c37d7c415aee9e223b86,d813685481e1e769c9968895601aa06a,20260419,98.0,False,False,ORIGINAL
6F220,c9d4324c50c5e70095cd3e0446bcbd2d,143c0deac2b49915503dd16a9f5462ba,20260419,58.0,False,False,ORIGINAL
AI180,4c4c8887c010c37d7c415aee9e223b86,1d96baf00ff457518c392cdbc36d081e,20260419,41.0,False,False,ORIGINAL
6F098,9f16374b2c912e79e7314809f36c7172,143c0deac2b49915503dd16a9f5462ba,20260419,151.0,False,False,ORIGINAL
AI141,b871fbfcad03d855bfddf41229297608,1d96baf00ff457518c392cdbc36d081e,20260419,277.0,False,False,ORIGINAL
SJ170,adc4b4919d4f952851b45aa0ac117018,fe10005e6631d2c82bc640a5b707027e,20260419,105.0,False,False,ORIGINAL
SJ178,225fb0760ffcd1233b1e4a61a511e724,fe10005e6631d2c82bc640a5b707027e,20260419,149.0,False,False,ORIGINAL
6F172,c43ed166a8fa9fe1e85762faa8bf124b,143c0deac2b49915503dd16a9f5462ba,20260419,293.0,False,False,ORIGINAL
UK220,adc4b4919d4f952851b45aa0ac117018,d813685481e1e769c9968895601aa06a,20260419,214.0,False,False,ORIGINAL
SJ148,cf98c283c13881769b3b684c7653eba9,fe10005e6631d2c82bc640a5b707027e,20260419,230.0,False,False,ORIGINAL
UK065,4c4c8887c010c37d7c415aee9e223b86,d813685481e1e769c9968895601aa06a,20260419,248.0,False,False,ORIGINAL
6F243,225fb0760ffcd1233b1e4a61a511e724,143c0deac2b49915503dd16a9f5462ba,20260419,56.0,False,False,ORIGINAL
SJ193,671c750b52cf4817ef2aa56f2ace75b0,fe10005e6631d2c82bc640a5b707027e,20260419,159.0,False,False,ORIGINAL
UK056,89b74decd3097ce93ec4cccfa8379efc,d813685481e1e769c9968895601aa06a,20260419,46.0,False,False,ORIGINAL
AI219,b871fbfcad03d855bfddf41229297608,1d96baf00ff457518c392cdbc36d081e,20260419,119.0,False,False,DERIVED
SJ073,cae609ae5d68de9a8792d0e2117d4ded,fe10005e6631d2c82bc640a5b707027e,20260419,108.0,False,False,ORIGINAL
6F052,4c4c8887c010c37d7c415aee9e223b86,143c0deac2b49915503dd16a9f5462ba,20260419,169.0,False,False,ORIGINAL
SJ201,b871fbfcad03d855bfddf41229297608,fe10005e6631d2c82bc640a5b707027e,20260419,122.0,False,False,ORIGINAL
UK028,89b74decd3097ce93ec4cccfa8379efc,d813685481e1e769c9968895601aa06a,20260419,95.0,False,False,ORIGINAL
SJ119,4c4c8887c010c37d7c415aee9e223b86,fe10005e6631d2c82bc640a5b707027e,20260419,156.0,False,False,ORIGINAL
AI165,8ff2523fe27e0b381e5ec1a14e29a704,1d96baf00ff457518c392cdbc36d081e,20260419,100.0,False,False,ORIGINAL
AI255,12a0c17677be948b58459ad87ee14879,1d96baf00ff457518c392cdbc36d081e,20260419,267.0,False,False,ORIGINAL
AI202,10db3418b17657f44f554b3a79b69f30,1d96baf00ff457518c392cdbc36d081e,20260419,129.0,False,False,ORIGINAL
SJ039,382e870b93a9172b725c021a093b911d,fe10005e6631d2c82bc640a5b707027e,20260419,207.0,False,False,ORIGINAL
SJ051,c43ed166a8fa9fe1e85762faa8bf124b,fe10005e6631d2c82bc640a5b707027e,20260419,218.0,False,False,DERIVED
UK024,71ffb94c38439501b7cb7532b20299ce,d813685481e1e769c9968895601aa06a,20260419,300.0,False,False,ORIGINAL
SJ006,10db3418b17657f44f554b3a79b69f30,fe10005e6631d2c82bc640a5b707027e,20260419,32.0,False,False,ORIGINAL
AI207,127ab6733de551c1aea35612b818c8d5,1d96baf00ff457518c392cdbc36d081e,20260419,179.0,False,False,ORIGINAL
SJ168,24879a2de7527581c3dbc2294134abe5,fe10005e6631d2c82bc640a5b707027e,20260419,252.0,False,False,ORIGINAL
AI028,c9d4324c50c5e70095cd3e0446bcbd2d,1d96baf00ff457518c392cdbc36d081e,20260419,42.0,False,False,ORIGINAL
6F094,adc4b4919d4f952851b45aa0ac117018,143c0deac2b49915503dd16a9f5462ba,20260419,89.0,False,False,ORIGINAL
6F024,04f5fd88e0d3bf5692833a97649697b6,143c0deac2b49915503dd16a9f5462ba,20260419,226.0,False,False,ORIGINAL
6F061,382e870b93a9172b725c021a093b911d,143c0deac2b49915503dd16a9f5462ba,20260419,41.0,False,False,ORIGINAL
AI032,71ffb94c38439501b7cb7532b20299ce,1d96baf00ff457518c392cdbc36d081e,20260419,120.00498333333333,False,False,ORIGINAL
UK163,96cabcf3c0a98d19c08ef1c8eeba1154,d813685481e1e769c9968895601aa06a,20260419,102.0,False,False,ORIGINAL
SJ067,71ffb94c38439501b7cb7532b20299ce,fe10005e6631d2c82bc640a5b707027e,20260419,59.0,False,False,ORIGINAL
SJ106,671c750b52cf4817ef2aa56f2ace75b0,fe10005e6631d2c82bc640a5b707027e,20260419,144.0,False,False,ORIGINAL
AI086,27d0f59c48e41aa01667e01a8c02ec7b,1d96baf00ff457518c392cdbc36d081e,20260419,176.0,False,False,ORIGINAL
6F263,96cabcf3c0a98d19c08ef1c8eeba1154,143c0deac2b49915503dd16a9f5462ba,20260419,83.0,False,False,DERIVED
6F163,382e870b93a9172b725c021a093b911d,143c0deac2b49915503dd16a9f5462ba,20260419,237.0,False,False,ORIGINAL
SJ064,671c750b52cf4817ef2aa56f2ace75b0,fe10005e6631d2c82bc640a5b707027e,20260419,134.0,False,False,ORIGINAL
UK118,10db3418b17657f44f554b3a79b69f30,d813685481e1e769c9968895601aa06a,20260419,60.00496666666666,False,False,ORIGINAL
UK022,96cabcf3c0a98d19c08ef1c8eeba1154,d813685481e1e769c9968895601aa06a,20260419,277.0,False,False,ORIGINAL
UK099,127ab6733de551c1aea35612b818c8d5,d813685481e1e769c9968895601aa06a,20260419,248.0,False,False,ORIGINAL
6F212,3994560a2c713f116680d065b7d4c478,143c0deac2b49915503dd16a9f5462ba,20260419,282.0,False,False,ORIGINAL
AI023,10db3418b17657f44f554b3a79b69f30,1d96baf00ff457518c392cdbc36d081e,20260419,205.0,False,False,ORIGINAL
SJ245,04f5fd88e0d3bf5692833a97649697b6,fe10005e6631d2c82bc640a5b707027e,20260419,212.0,False,False,ORIGINAL
6F066,6ae5133ee42f35cd132a43580eeb7688,143c0deac2b49915503dd16a9f5462ba,20260419,96.0,False,False,ORIGINAL
AI138,8ff2523fe27e0b381e5ec1a14e29a704,1d96baf00ff457518c392cdbc36d081e,20260419,50.0,False,False,ORIGINAL
SJ021,10db3418b17657f44f554b3a79b69f30,fe10005e6631d2c82bc640a5b707027e,20260419,238.0,False,False,ORIGINAL
SJ136,10db3418b17657f44f554b3a79b69f30,fe10005e6631d2c82bc640a5b707027e,20260419,139.0,False,False,ORIGINAL
AI148,89b74decd3097ce93ec4cccfa8379efc,1d96baf00ff457518c392cdbc36d081e,20260419,171.0,False,False,ORIGINAL
SJ014,225fb0760ffcd1233b1e4a61a511e724,fe10005e6631d2c82bc640a5b707027e,20260419,59.0,False,False,ORIGINAL
6F104,24879a2de7527581c3dbc2294134abe5,143c0deac2b49915503dd16a9f5462ba,20260419,35.0,False,False,ORIGINAL
SJ121,671c750b52cf4817ef2aa56f2ace75b0,fe10005e6631d2c82bc640a5b707027e,20260419,75.0,False,False,ORIGINAL
UK174,671c750b52cf4817ef2aa56f2ace75b0,d813685481e1e769c9968895601aa06a,20260419,140.0,False,False,ORIGINAL
AI033,12a0c17677be948b58459ad87ee14879,1d96baf00ff457518c392cdbc36d081e,20260419,296.0,False,False,ORIGINAL
SJ122,24879a2de7527581c3dbc2294134abe5,fe10005e6631d2c82bc640a5b707027e,20260419,287.0,False,False,ORIGINAL
UK095,127ab6733de551c1aea35612b818c8d5,d813685481e1e769c9968895601aa06a,20260419,134.0,False,False,ORIGINAL
SJ026,edec40d16277592f865f6f96d12c6237,fe10005e6631d2c82bc640a5b707027e,20260419,258.0,False,False,ORIGINAL
6F221,b6e2cc2aaf99f21f5582a5d4b9ae2a9f,143c0deac2b49915503dd16a9f5462ba,20260419,212.0,False,False,ORIGINAL
SJ103,71ffb94c38439501b7cb7532b20299ce,fe10005e6631d2c82bc640a5b707027e,20260419,220.0,False,False,ORIGINAL
SJ011,127ab6733de551c1aea35612b818c8d5,fe10005e6631d2c82bc640a5b707027e,20260419,285.0,False,False,ORIGINAL
AI002,10db3418b17657f44f554b3a79b69f30,1d96baf00ff457518c392cdbc36d081e,20260419,120.0,False,False,ORIGINAL
AI046,dd9b7f73506b86ec79aa343e64a2fb35,1d96baf00ff457518c392cdbc36d081e,20260419,171.0,False,False,DERIVED
SJ053,671c750b52cf4817ef2aa56f2ace75b0,fe10005e6631d2c82bc640a5b707027e,20260419,98.0,False,False,ORIGINAL
AI236,dd9b7f73506b86ec79aa343e64a2fb35,1d96baf00ff457518c392cdbc36d081e,20260419,259.0,False,False,ORIGINAL
AI254,27d0f59c48e41aa01667e01a8c02ec7b,1d96baf00ff457518c392cdbc36d081e,20260419,200.0,False,False,ORIGINAL
6F063,96cabcf3c0a98d19c08ef1c8eeba1154,143c0deac2b49915503dd16a9f5462ba,20260419,169.0,False,False,ORIGINAL
6F115,71ffb94c38439501b7cb7532b20299ce,143c0deac2b49915503dd16a9f5462ba,20260419,102.0,False,False,ORIGINAL
UK070,04f5fd88e0d3bf5692833a97649697b6,d813685481e1e769c9968895601aa06a,20260419,133.0,False,False,ORIGINAL
SJ147,3994560a2c713f116680d065b7d4c478,fe10005e6631d2c82bc640a5b707027e,20260419,262.0,False,False,ORIGINAL
UK201,c9d4324c50c5e70095cd3e0446bcbd2d,d813685481e1e769c9968895601aa06a,20260419,133.0,False,False,ORIGINAL
SJ234,3994560a2c713f116680d065b7d4c478,fe10005e6631d2c82bc640a5b707027e,20260419,123.0,False,False,ORIGINAL
AI176,b871fbfcad03d855bfddf41229297608,1d96baf00ff457518c392cdbc36d081e,20260419,125.0,False,False,ORIGINAL
SJ045,317ae26badc5745d08250ee7a733dd0c,fe10005e6631d2c82bc640a5b707027e,20260419,287.0,False,False,ORIGINAL
SJ174,671c750b52cf4817ef2aa56f2ace75b0,fe10005e6631d2c82bc640a5b707027e,20260419,55.0,False,False,ORIGINAL
AI007,b6e2cc2aaf99f21f5582a5d4b9ae2a9f,1d96baf00ff457518c392cdbc36d081e,20260419,120.00498333333333,False,False,ORIGINAL
AI143,671c750b52cf4817ef2aa56f2ace75b0,1d96baf00ff457518c392cdbc36d081e,20260419,38.0,False,False,ORIGINAL
SJ241,96cabcf3c0a98d19c08ef1c8eeba1154,fe10005e6631d2c82bc640a5b707027e,20260419,159.0,False,False,ORIGINAL
AI020,c43ed166a8fa9fe1e85762faa8bf124b,1d96baf00ff457518c392cdbc36d081e,20260419,148.0,False,False,DERIVED
UK031,671c750b52cf4817ef2aa56f2ace75b0,d813685481e1e769c9968895601aa06a,20260419,215.0,False,False,ORIGINAL
AI013,10db3418b17657f44f554b3a79b69f30,1d96baf00ff457518c392cdbc36d081e,20260419,77.0,False,False,ORIGINAL
AI249,6ae5133ee42f35cd132a43580eeb7688,1d96baf00ff457518c392cdbc36d081e,20260419,169.0,False,False,ORIGINAL
UK046,671c750b52cf4817ef2aa56f2ace75b0,d813685481e1e769c9968895601aa06a,20260419,148.0,False,False,ORIGINAL
UK168,3994560a2c713f116680d065b7d4c478,d813685481e1e769c9968895601aa06a,20260419,49.0,False,False,ORIGINAL
AI022,127ab6733de551c1aea35612b818c8d5,1d96baf00ff457518c392cdbc36d081e,20260419,115.0,False,False,ORIGINAL
UK218,71ffb94c38439501b7cb7532b20299ce,d813685481e1e769c9968895601aa06a,20260419,250.0,False,False,ORIGINAL
UK142,b871fbfcad03d855bfddf41229297608,d813685481e1e769c9968895601aa06a,20260419,250.0,False,False,ORIGINAL
6F067,71ffb94c38439501b7cb7532b20299ce,143c0deac2b49915503dd16a9f5462ba,20260419,183.0,False,False,ORIGINAL
SJ217,4c4c8887c010c37d7c415aee9e223b86,fe10005e6631d2c82bc640a5b707027e,20260419,187.0,False,False,ORIGINAL
SJ143,dd9b7f73506b86ec79aa343e64a2fb35,fe10005e6631d2c82bc640a5b707027e,20260419,57.0,False,False,ORIGINAL
AI243,adc4b4919d4f952851b45aa0ac117018,1d96baf00ff457518c392cdbc36d081e,20260419,139.0,False,False,DERIVED
SJ246,04f5fd88e0d3bf5692833a97649697b6,fe10005e6631d2c82bc640a5b707027e,20260419,60.004933333333334,False,False,ORIGINAL
6F170,bc77046451bd9d63487f804a25d5b6fc,143c0deac2b49915503dd16a9f5462ba,20260419,90.0,False,False,ORIGINAL
UK157,24879a2de7527581c3dbc2294134abe5,d813685481e1e769c9968895601aa06a,20260419,60.00495,False,False,ORIGINAL
UK172,dd9b7f73506b86ec79aa343e64a2fb35,d813685481e1e769c9968895601aa06a,20260419,181.0,False,False,ORIGINAL
SJ139,cf98c283c13881769b3b684c7653eba9,fe10005e6631d2c82bc640a5b707027e,20260419,222.0,False,False,ORIGINAL
UK085,b6e2cc2aaf99f21f5582a5d4b9ae2a9f,d813685481e1e769c9968895601aa06a,20260419,62.0,False,False,ORIGINAL
6F079,a51d75f60b5853f2ce43d68ddc769a90,143c0deac2b49915503dd16a9f5462ba,20260419,244.0,False,False,ORIGINAL
SJ032,382e870b93a9172b725c021a093b911d,fe10005e6631d2c82bc640a5b707027e,20260419,142.0,False,False,ORIGINAL
6F182,4c4c8887c010c37d7c415aee9e223b86,143c0deac2b49915503dd16a9f5462ba,20260419,128.0,False,False,ORIGINAL
AI106,10db3418b17657f44f554b3a79b69f30,1d96baf00ff457518c392cdbc36d081e,20260419,73.0,False,False,ORIGINAL
AI200,89b74decd3097ce93ec4cccfa8379efc,1d96baf00ff457518c392cdbc36d081e,20260419,204.0,False,False,ORIGINAL
6F142,edec40d16277592f865f6f96d12c6237,143c0deac2b49915503dd16a9f5462ba,20260419,239.0,False,False,ORIGINAL
SJ079,bc77046451bd9d63487f804a25d5b6fc,fe10005e6631d2c82bc640a5b707027e,20260419,184.0,False,False,ORIGINAL
SJ082,04f5fd88e0d3bf5692833a97649697b6,fe10005e6631d2c82bc640a5b707027e,20260419,39.0,False,False,ORIGINAL
SJ110,671c750b52cf4817ef2aa56f2ace75b0,fe10005e6631d2c82bc640a5b707027e,20260419,33.0,False,False,ORIGINAL
6F262,b6e2cc2aaf99f21f5582a5d4b9ae2a9f,143c0deac2b49915503dd16a9f5462ba,20260419,63.0,False,False,DERIVED
UK143,adc4b4919d4f952851b45aa0ac117018,d813685481e1e769c9968895601aa06a,20260419,74.0,False,False,ORIGINAL
6F269,89b74decd3097ce93ec4cccfa8379efc,143c0deac2b49915503dd16a9f5462ba,20260419,82.0,False,False,DERIVED
6F214,4c4c8887c010c37d7c415aee9e223b86,143c0deac2b49915503dd16a9f5462ba,20260419,239.0,False,False,ORIGINAL
SJ213,4c4c8887c010c37d7c415aee9e223b86,fe10005e6631d2c82bc640a5b707027e,20260419,209.0,False,False,ORIGINAL
SJ072,96cabcf3c0a98d19c08ef1c8eeba1154,fe10005e6631d2c82bc640a5b707027e,20260419,170.0,False,False,ORIGINAL
6F059,04f5fd88e0d3bf5692833a97649697b6,143c0deac2b49915503dd16a9f5462ba,20260419,290.0,False,False,ORIGINAL
UK202,96cabcf3c0a98d19c08ef1c8eeba1154,d813685481e1e769c9968895601aa06a,20260419,266.0,False,False,ORIGINAL
UK037,adc4b4919d4f952851b45aa0ac117018,d813685481e1e769c9968895601aa06a,20260419,242.0,False,False,ORIGINAL
UK069,671c750b52cf4817ef2aa56f2ace75b0,d813685481e1e769c9968895601aa06a,20260419,133.0,False,False,ORIGINAL
SJ118,dd9b7f73506b86ec79aa343e64a2fb35,fe10005e6631d2c82bc640a5b707027e,20260419,85.0,False,False,ORIGINAL
6F145,671c750b52cf4817ef2aa56f2ace75b0,143c0deac2b49915503dd16a9f5462ba,20260419,76.0,False,False,ORIGINAL
UK097,c9d4324c50c5e70095cd3e0446bcbd2d,d813685481e1e769c9968895601aa06a,20260419,251.0,False,False,ORIGINAL
6F117,671c750b52cf4817ef2aa56f2ace75b0,143c0deac2b49915503dd16a9f5462ba,20260419,65.0,False,False,ORIGINAL
6F226,dd9b7f73506b86ec79aa343e64a2fb35,143c0deac2b49915503dd16a9f5462ba,20260419,137.0,False,False,ORIGINAL
6F050,dd9b7f73506b86ec79aa343e64a2fb35,143c0deac2b49915503dd16a9f5462ba,20260419,237.0,False,False,ORIGINAL
UK196,225fb0760ffcd1233b1e4a61a511e724,d813685481e1e769c9968895601aa06a,20260419,257.0,False,False,ORIGINAL
SJ086,671c750b52cf4817ef2aa56f2ace75b0,fe10005e6631d2c82bc640a5b707027e,20260419,225.0,False,False,ORIGINAL
AI134,c9d4324c50c5e70095cd3e0446bcbd2d,1d96baf00ff457518c392cdbc36d081e,20260419,235.0,False,False,ORIGINAL
AI043,671c750b52cf4817ef2aa56f2ace75b0,1d96baf00ff457518c392cdbc36d081e,20260419,249.0,False,False,ORIGINAL
UK119,4c4c8887c010c37d7c415aee9e223b86,d813685481e1e769c9968895601aa06a,20260419,257.0,False,False,ORIGINAL
SJ181,c43ed166a8fa9fe1e85762faa8bf124b,fe10005e6631d2c82bc640a5b707027e,20260419,89.0,False,False,ORIGINAL
AI070,671c750b52cf4817ef2aa56f2ace75b0,1d96baf00ff457518c392cdbc36d081e,20260419,99.0,False,False,ORIGINAL
6F233,adc4b4919d4f952851b45aa0ac117018,143c0deac2b49915503dd16a9f5462ba,20260418,237.0,False,False,ORIGINAL
UK013,127ab6733de551c1aea35612b818c8d5,d813685481e1e769c9968895601aa06a,20260418,180.0,False,False,ORIGINAL
6F015,4c4c8887c010c37d7c415aee9e223b86,143c0deac2b49915503dd16a9f5462ba,20260418,168.0,False,False,ORIGINAL
SJ247,dd9b7f73506b86ec79aa343e64a2fb35,fe10005e6631d2c82bc640a5b707027e,20260418,245.0,False,False,ORIGINAL
AI067,bc77046451bd9d63487f804a25d5b6fc,1d96baf00ff457518c392cdbc36d081e,20260418,213.0,False,False,ORIGINAL
AI211,8ff2523fe27e0b381e5ec1a14e29a704,1d96baf00ff457518c392cdbc36d081e,20260418,107.0,False,False,ORIGINAL
UK029,dd9b7f73506b86ec79aa343e64a2fb35,d813685481e1e769c9968895601aa06a,20260418,169.0,False,False,ORIGINAL
SJ200,04f5fd88e0d3bf5692833a97649697b6,fe10005e6631d2c82bc640a5b707027e,20260418,167.0,False,False,ORIGINAL
6F087,96cabcf3c0a98d19c08ef1c8eeba1154,143c0deac2b49915503dd16a9f5462ba,20260418,226.0,False,False,ORIGINAL
SJ210,8a783a606a385b3bfe750ffd23c30c03,fe10005e6631d2c82bc640a5b707027e,20260418,213.0,False,False,ORIGINAL
AI101,cf98c283c13881769b3b684c7653eba9,1d96baf00ff457518c392cdbc36d081e,20260418,183.0,False,False,ORIGINAL
UK075,12a0c17677be948b58459ad87ee14879,d813685481e1e769c9968895601aa06a,20260418,279.0,False,False,ORIGINAL
SJ091,3994560a2c713f116680d065b7d4c478,fe10005e6631d2c82bc640a5b707027e,20260418,97.0,False,False,ORIGINAL
AI251,b6e2cc2aaf99f21f5582a5d4b9ae2a9f,1d96baf00ff457518c392cdbc36d081e,20260418,44.0,False,False,ORIGINAL
SJ042,8a783a606a385b3bfe750ffd23c30c03,fe10005e6631d2c82bc640a5b707027e,20260418,222.0,False,False,ORIGINAL
UK126,671c750b52cf4817ef2aa56f2ace75b0,d813685481e1e769c9968895601aa06a,20260418,86.0,False,False,ORIGINAL
6F042,bc77046451bd9d63487f804a25d5b6fc,143c0deac2b49915503dd16a9f5462ba,20260418,246.0,False,False,ORIGINAL
AI116,24879a2de7527581c3dbc2294134abe5,1d96baf00ff457518c392cdbc36d081e,20260418,207.0,False,False,ORIGINAL
SJ209,adc4b4919d4f952851b45aa0ac117018,fe10005e6631d2c82bc640a5b707027e,20260418,221.0,False,False,ORIGINAL
AI123,382e870b93a9172b725c021a093b911d,1d96baf00ff457518c392cdbc36d081e,20260418,146.0,False,False,ORIGINAL
6F016,c9d4324c50c5e70095cd3e0446bcbd2d,143c0deac2b49915503dd16a9f5462ba,20260418,36.0,False,False,ORIGINAL
UK012,382e870b93a9172b725c021a093b911d,d813685481e1e769c9968895601aa06a,20260418,129.0,False,False,ORIGINAL
SJ188,adc4b4919d4f952851b45aa0ac117018,fe10005e6631d2c82bc640a5b707027e,20260418,40.0,False,False,ORIGINAL
UK096,6ae5133ee42f35cd132a43580eeb7688,d813685481e1e769c9968895601aa06a,20260418,115.0,False,False,ORIGINAL
SJ046,127ab6733de551c1aea35612b818c8d5,fe10005e6631d2c82bc640a5b707027e,20260418,204.0,False,False,ORIGINAL
UK081,b871fbfcad03d855bfddf41229297608,d813685481e1e769c9968895601aa06a,20260418,60.0,False,False,DERIVED
UK191,71ffb94c38439501b7cb7532b20299ce,d813685481e1e769c9968895601aa06a,20260418,66.0,False,False,ORIGINAL
6F064,671c750b52cf4817ef2aa56f2ace75b0,143c0deac2b49915503dd16a9f5462ba,20260418,65.0,False,False,ORIGINAL
AI005,8ff2523fe27e0b381e5ec1a14e29a704,1d96baf00ff457518c392cdbc36d081e,20260418,47.0,False,False,ORIGINAL
6F021,9f16374b2c912e79e7314809f36c7172,143c0deac2b49915503dd16a9f5462ba,20260418,242.0,False,False,ORIGINAL
AI169,671c750b52cf4817ef2aa56f2ace75b0,1d96baf00ff457518c392cdbc36d081e,20260418,253.0,False,False,ORIGINAL
UK035,c9d4324c50c5e70095cd3e0446bcbd2d,d813685481e1e769c9968895601aa06a,20260418,76.0,False,False,ORIGINAL
AI040,10db3418b17657f44f554b3a79b69f30,1d96baf00ff457518c392cdbc36d081e,20260418,101.0,False,False,ORIGINAL
UK042,382e870b93a9172b725c021a093b911d,d813685481e1e769c9968895601aa06a,20260418,279.0,False,False,ORIGINAL
SJ171,96cabcf3c0a98d19c08ef1c8eeba1154,fe10005e6631d2c82bc640a5b707027e,20260418,180.0,False,False,ORIGINAL
AI250,4c4c8887c010c37d7c415aee9e223b86,1d96baf00ff457518c392cdbc36d081e,20260418,204.0,False,False,DERIVED
SJ195,4c4c8887c010c37d7c415aee9e223b86,fe10005e6631d2c82bc640a5b707027e,20260418,193.0,False,False,ORIGINAL
UK211,12a0c17677be948b58459ad87ee14879,d813685481e1e769c9968895601aa06a,20260418,83.0,False,False,ORIGINAL
UK122,8a783a606a385b3bfe750ffd23c30c03,d813685481e1e769c9968895601aa06a,20260418,180.0,False,False,ORIGINAL
AI136,b871fbfcad03d855bfddf41229297608,1d96baf00ff457518c392cdbc36d081e,20260418,199.0,False,False,ORIGINAL
6F141,4c4c8887c010c37d7c415aee9e223b86,143c0deac2b49915503dd16a9f5462ba,20260418,122.0,False,False,ORIGINAL
6F053,96cabcf3c0a98d19c08ef1c8eeba1154,143c0deac2b49915503dd16a9f5462ba,20260418,253.0,False,False,ORIGINAL
6F136,671c750b52cf4817ef2aa56f2ace75b0,143c0deac2b49915503dd16a9f5462ba,20260418,37.0,False,False,ORIGINAL
6F009,3994560a2c713f116680d065b7d4c478,143c0deac2b49915503dd16a9f5462ba,20260418,195.0,False,False,ORIGINAL
6F023,71ffb94c38439501b7cb7532b20299ce,143c0deac2b49915503dd16a9f5462ba,20260418,236.0,False,False,ORIGINAL
UK006,12a0c17677be948b58459ad87ee14879,d813685481e1e769c9968895601aa06a,20260418,99.0,False,False,ORIGINAL
SJ165,24879a2de7527581c3dbc2294134abe5,fe10005e6631d2c82bc640a5b707027e,20260418,190.0,False,False,ORIGINAL
6F189,71ffb94c38439501b7cb7532b20299ce,143c0deac2b49915503dd16a9f5462ba,20260418,103.0,False,False,ORIGINAL
AI131,382e870b93a9172b725c021a093b911d,1d96baf00ff457518c392cdbc36d081e,20260418,160.0,False,False,ORIGINAL
6F004,4c4c8887c010c37d7c415aee9e223b86,143c0deac2b49915503dd16a9f5462ba,20260418,220.0,False,False,ORIGINAL
AI027,127ab6733de551c1aea35612b818c8d5,1d96baf00ff457518c392cdbc36d081e,20260418,222.0,False,False,ORIGINAL
AI238,edec40d16277592f865f6f96d12c6237,1d96baf00ff457518c392cdbc36d081e,20260418,282.0,False,False,ORIGINAL
SJ105,225fb0760ffcd1233b1e4a61a511e724,fe10005e6631d2c82bc640a5b707027e,20260418,206.0,False,False,ORIGINAL
UK088,71ffb94c38439501b7cb7532b20299ce,d813685481e1e769c9968895601aa06a,20260418,260.0,False,False,DERIVED
6F035,27d0f59c48e41aa01667e01a8c02ec7b,143c0deac2b49915503dd16a9f5462ba,20260418,264.0,False,False,ORIGINAL
AI133,8ff2523fe27e0b381e5ec1a14e29a704,1d96baf00ff457518c392cdbc36d081e,20260418,140.0,False,False,ORIGINAL
AI001,96cabcf3c0a98d19c08ef1c8eeba1154,1d96baf00ff457518c392cdbc36d081e,20260418,183.0,False,False,ORIGINAL
SJ133,4c4c8887c010c37d7c415aee9e223b86,fe10005e6631d2c82bc640a5b707027e,20260418,159.0,False,False,ORIGINAL
SJ216,4c4c8887c010c37d7c415aee9e223b86,fe10005e6631d2c82bc640a5b707027e,20260418,176.0,False,False,ORIGINAL
SJ225,96cabcf3c0a98d19c08ef1c8eeba1154,fe10005e6631d2c82bc640a5b707027e,20260418,157.0,False,False,DERIVED
AI147,8a783a606a385b3bfe750ffd23c30c03,1d96baf00ff457518c392cdbc36d081e,20260418,116.0,False,False,ORIGINAL
SJ054,71ffb94c38439501b7cb7532b20299ce,fe10005e6631d2c82bc640a5b707027e,20260418,273.0,False,False,ORIGINAL
6F197,c43ed166a8fa9fe1e85762faa8bf124b,143c0deac2b49915503dd16a9f5462ba,20260418,285.0,False,False,ORIGINAL
SJ066,8a783a606a385b3bfe750ffd23c30c03,fe10005e6631d2c82bc640a5b707027e,20260418,76.0,False,False,ORIGINAL
SJ183,671c750b52cf4817ef2aa56f2ace75b0,fe10005e6631d2c82bc640a5b707027e,20260418,116.0,False,False,ORIGINAL
SJ151,4c4c8887c010c37d7c415aee9e223b86,fe10005e6631d2c82bc640a5b707027e,20260418,92.0,False,False,ORIGINAL
SJ071,edec40d16277592f865f6f96d12c6237,fe10005e6631d2c82bc640a5b707027e,20260418,109.0,False,False,ORIGINAL
SJ102,12a0c17677be948b58459ad87ee14879,fe10005e6631d2c82bc640a5b707027e,20260418,92.0,False,False,ORIGINAL
AI209,3994560a2c713f116680d065b7d4c478,1d96baf00ff457518c392cdbc36d081e,20260418,72.0,False,False,ORIGINAL
6F111,bc77046451bd9d63487f804a25d5b6fc,143c0deac2b49915503dd16a9f5462ba,20260418,173.0,False,False,ORIGINAL
AI050,adc4b4919d4f952851b45aa0ac117018,1d96baf00ff457518c392cdbc36d081e,20260418,155.0,False,False,ORIGINAL
SJ189,10db3418b17657f44f554b3a79b69f30,fe10005e6631d2c82bc640a5b707027e,20260418,296.0,False,False,ORIGINAL
UK112,671c750b52cf4817ef2aa56f2ace75b0,d813685481e1e769c9968895601aa06a,20260418,162.0,False,False,DERIVED
6F171,cf98c283c13881769b3b684c7653eba9,143c0deac2b49915503dd16a9f5462ba,20260418,69.0,False,False,ORIGINAL
AI011,24879a2de7527581c3dbc2294134abe5,1d96baf00ff457518c392cdbc36d081e,20260418,243.0,False,False,ORIGINAL
6F027,b871fbfcad03d855bfddf41229297608,143c0deac2b49915503dd16a9f5462ba,20260418,89.0,False,False,ORIGINAL
UK082,dd9b7f73506b86ec79aa343e64a2fb35,d813685481e1e769c9968895601aa06a,20260418,271.0,False,False,ORIGINAL
UK138,cf98c283c13881769b3b684c7653eba9,d813685481e1e769c9968895601aa06a,20260418,169.0,False,False,ORIGINAL
UK198,cf98c283c13881769b3b684c7653eba9,d813685481e1e769c9968895601aa06a,20260418,95.0,False,False,ORIGINAL
6F039,12a0c17677be948b58459ad87ee14879,143c0deac2b49915503dd16a9f5462ba,20260418,258.0,False,False,ORIGINAL
6F157,12a0c17677be948b58459ad87ee14879,143c0deac2b49915503dd16a9f5462ba,20260418,87.0,False,False,ORIGINAL
SJ024,317ae26badc5745d08250ee7a733dd0c,fe10005e6631d2c82bc640a5b707027e,20260418,232.0,False,False,ORIGINAL
6F167,adc4b4919d4f952851b45aa0ac117018,143c0deac2b49915503dd16a9f5462ba,20260418,84.0,False,False,ORIGINAL
AI197,4c4c8887c010c37d7c415aee9e223b86,1d96baf00ff457518c392cdbc36d081e,20260418,215.0,False,False,ORIGINAL
SJ211,382e870b93a9172b725c021a093b911d,fe10005e6631d2c82bc640a5b707027e,20260418,132.0,False,False,ORIGINAL
6F055,8ff2523fe27e0b381e5ec1a14e29a704,143c0deac2b49915503dd16a9f5462ba,20260418,148.0,False,False,ORIGINAL
AI253,adc4b4919d4f952851b45aa0ac117018,1d96baf00ff457518c392cdbc36d081e,20260418,218.0,False,False,ORIGINAL
UK060,3994560a2c713f116680d065b7d4c478,d813685481e1e769c9968895601aa06a,20260418,213.0,False,False,ORIGINAL
6F257,12a0c17677be948b58459ad87ee14879,143c0deac2b49915503dd16a9f5462ba,20260418,231.0,False,False,DERIVED
SJ135,12a0c17677be948b58459ad87ee14879,fe10005e6631d2c82bc640a5b707027e,20260418,225.0,False,False,ORIGINAL
AI247,4c4c8887c010c37d7c415aee9e223b86,1d96baf00ff457518c392cdbc36d081e,20260418,184.0,False,False,ORIGINAL
UK127,225fb0760ffcd1233b1e4a61a511e724,d813685481e1e769c9968895601aa06a,20260418,244.0,False,False,ORIGINAL
AI109,adc4b4919d4f952851b45aa0ac117018,1d96baf00ff457518c392cdbc36d081e,20260418,261.0,False,False,ORIGINAL
AI057,4c4c8887c010c37d7c415aee9e223b86,1d96baf00ff457518c392cdbc36d081e,20260418,209.0,False,False,ORIGINAL
6F103,edec40d16277592f865f6f96d12c6237,143c0deac2b49915503dd16a9f5462ba,20260418,175.0,False,False,ORIGINAL
SJ144,adc4b4919d4f952851b45aa0ac117018,fe10005e6631d2c82bc640a5b707027e,20260418,217.0,False,False,ORIGINAL
6F076,27d0f59c48e41aa01667e01a8c02ec7b,143c0deac2b49915503dd16a9f5462ba,20260418,45.0,False,False,ORIGINAL
6F240,96cabcf3c0a98d19c08ef1c8eeba1154,143c0deac2b49915503dd16a9f5462ba,20260418,265.0,False,False,ORIGINAL
UK057,671c750b52cf4817ef2aa56f2ace75b0,d813685481e1e769c9968895601aa06a,20260418,279.0,False,False,ORIGINAL
AI201,3994560a2c713f116680d065b7d4c478,1d96baf00ff457518c392cdbc36d081e,20260418,81.0,False,False,ORIGINAL
SJ242,6ae5133ee42f35cd132a43580eeb7688,fe10005e6631d2c82bc640a5b707027e,20260418,167.0,False,False,ORIGINAL
6F037,127ab6733de551c1aea35612b818c8d5,143c0deac2b49915503dd16a9f5462ba,20260418,152.0,False,False,ORIGINAL
SJ132,b6e2cc2aaf99f21f5582a5d4b9ae2a9f,fe10005e6631d2c82bc640a5b707027e,20260418,52.0,False,False,ORIGINAL
AI055,24879a2de7527581c3dbc2294134abe5,1d96baf00ff457518c392cdbc36d081e,20260418,99.0,False,False,ORIGINAL
6F252,71ffb94c38439501b7cb7532b20299ce,143c0deac2b49915503dd16a9f5462ba,20260418,267.0,False,False,DERIVED
AI183,8ff2523fe27e0b381e5ec1a14e29a704,1d96baf00ff457518c392cdbc36d081e,20260418,102.0,False,False,ORIGINAL
SJ125,cf98c283c13881769b3b684c7653eba9,fe10005e6631d2c82bc640a5b707027e,20260418,154.0,False,False,ORIGINAL
SJ087,04f5fd88e0d3bf5692833a97649697b6,fe10005e6631d2c82bc640a5b707027e,20260418,289.0,False,False,ORIGINAL
UK182,8a783a606a385b3bfe750ffd23c30c03,d813685481e1e769c9968895601aa06a,20260418,246.0,False,False,ORIGINAL
AI016,4c4c8887c010c37d7c415aee9e223b86,1d96baf00ff457518c392cdbc36d081e,20260418,263.0,False,False,ORIGINAL
6F107,cae609ae5d68de9a8792d0e2117d4ded,143c0deac2b49915503dd16a9f5462ba,20260418,180.0049666666667,False,False,ORIGINAL
AI026,dd9b7f73506b86ec79aa343e64a2fb35,1d96baf00ff457518c392cdbc36d081e,20260418,59.0,False,False,ORIGINAL
AI177,27d0f59c48e41aa01667e01a8c02ec7b,1d96baf00ff457518c392cdbc36d081e,20260418,135.0,False,False,ORIGINAL
AI041,c43ed166a8fa9fe1e85762faa8bf124b,1d96baf00ff457518c392cdbc36d081e,20260418,111.0,False,False,ORIGINAL
6F264,96cabcf3c0a98d19c08ef1c8eeba1154,143c0deac2b49915503dd16a9f5462ba,20260418,260.0,False,False,DERIVED
6F222,89b74decd3097ce93ec4cccfa8379efc,143c0deac2b49915503dd16a9f5462ba,20260418,130.0,False,False,ORIGINAL
AI004,89b74decd3097ce93ec4cccfa8379efc,1d96baf00ff457518c392cdbc36d081e,20260418,254.0,False,False,ORIGINAL
SJ126,cf98c283c13881769b3b684c7653eba9,fe10005e6631d2c82bc640a5b707027e,20260418,164.0,False,False,ORIGINAL
SJ220,4c4c8887c010c37d7c415aee9e223b86,fe10005e6631d2c82bc640a5b707027e,20260418,96.0,False,False,ORIGINAL
AI204,edec40d16277592f865f6f96d12c6237,1d96baf00ff457518c392cdbc36d081e,20260418,298.0,False,False,ORIGINAL
UK098,671c750b52cf4817ef2aa56f2ace75b0,d813685481e1e769c9968895601aa06a,20260418,256.0,False,False,ORIGINAL
AI090,12a0c17677be948b58459ad87ee14879,1d96baf00ff457518c392cdbc36d081e,20260418,154.0,False,False,ORIGINAL
AI092,24879a2de7527581c3dbc2294134abe5,1d96baf00ff457518c392cdbc36d081e,20260418,164.0,False,False,ORIGINAL
AI049,edec40d16277592f865f6f96d12c6237,1d96baf00ff457518c392cdbc36d081e,20260418,133.0,False,False,ORIGINAL
UK117,adc4b4919d4f952851b45aa0ac117018,d813685481e1e769c9968895601aa06a,20260418,217.0,False,False,ORIGINAL
6F227,382e870b93a9172b725c021a093b911d,143c0deac2b49915503dd16a9f5462ba,20260418,265.0,False,False,ORIGINAL
AI228,adc4b4919d4f952851b45aa0ac117018,1d96baf00ff457518c392cdbc36d081e,20260418,268.0,False,False,ORIGINAL
SJ164,edec40d16277592f865f6f96d12c6237,fe10005e6631d2c82bc640a5b707027e,20260418,120.00495,False,False,ORIGINAL
AI018,4c4c8887c010c37d7c415aee9e223b86,1d96baf00ff457518c392cdbc36d081e,20260418,292.0,False,False,ORIGINAL
UK192,bc77046451bd9d63487f804a25d5b6fc,d813685481e1e769c9968895601aa06a,20260418,60.00495,False,False,ORIGINAL
SJ224,317ae26badc5745d08250ee7a733dd0c,fe10005e6631d2c82bc640a5b707027e,20260418,172.0,False,False,ORIGINAL
UK050,04f5fd88e0d3bf5692833a97649697b6,d813685481e1e769c9968895601aa06a,20260418,39.0,False,False,ORIGINAL
SJ159,671c750b52cf4817ef2aa56f2ace75b0,fe10005e6631d2c82bc640a5b707027e,20260418,103.0,False,False,ORIGINAL
UK038,12a0c17677be948b58459ad87ee14879,d813685481e1e769c9968895601aa06a,20260418,189.0,False,False,ORIGINAL
6F192,cae609ae5d68de9a8792d0e2117d4ded,143c0deac2b49915503dd16a9f5462ba,20260418,265.0,False,False,ORIGINAL
6F173,4c4c8887c010c37d7c415aee9e223b86,143c0deac2b49915503dd16a9f5462ba,20260418,49.0,False,False,ORIGINAL
AI185,24879a2de7527581c3dbc2294134abe5,1d96baf00ff457518c392cdbc36d081e,20260418,242.0,False,False,ORIGINAL
SJ152,04f5fd88e0d3bf5692833a97649697b6,fe10005e6631d2c82bc640a5b707027e,20260418,101.0,False,False,ORIGINAL
AI215,b871fbfcad03d855bfddf41229297608,1d96baf00ff457518c392cdbc36d081e,20260418,96.0,False,False,ORIGINAL
AI074,24879a2de7527581c3dbc2294134abe5,1d96baf00ff457518c392cdbc36d081e,20260418,47.0,False,False,ORIGINAL
6F109,adc4b4919d4f952851b45aa0ac117018,143c0deac2b49915503dd16a9f5462ba,20260418,51.0,False,False,ORIGINAL
6F144,c9d4324c50c5e70095cd3e0446bcbd2d,143c0deac2b49915503dd16a9f5462ba,20260418,195.0,False,False,ORIGINAL
6F210,bc77046451bd9d63487f804a25d5b6fc,143c0deac2b49915503dd16a9f5462ba,20260418,247.0,False,False,ORIGINAL
SJ111,317ae26badc5745d08250ee7a733dd0c,fe10005e6631d2c82bc640a5b707027e,20260418,72.0,False,False,ORIGINAL
UK092,71ffb94c38439501b7cb7532b20299ce,d813685481e1e769c9968895601aa06a,20260418,95.0,False,False,ORIGINAL
UK009,04f5fd88e0d3bf5692833a97649697b6,d813685481e1e769c9968895601aa06a,20260418,127.0,False,False,ORIGINAL
AI170,bc77046451bd9d63487f804a25d5b6fc,1d96baf00ff457518c392cdbc36d081e,20260418,263.0,False,False,ORIGINAL
6F154,671c750b52cf4817ef2aa56f2ace75b0,143c0deac2b49915503dd16a9f5462ba,20260418,57.0,False,False,ORIGINAL
6F161,b6e2cc2aaf99f21f5582a5d4b9ae2a9f,143c0deac2b49915503dd16a9f5462ba,20260418,57.0,False,False,ORIGINAL
UK128,4c4c8887c010c37d7c415aee9e223b86,d813685481e1e769c9968895601aa06a,20260418,169.0,False,False,ORIGINAL
AI186,dd9b7f73506b86ec79aa343e64a2fb35,1d96baf00ff457518c392cdbc36d081e,20260418,114.0,False,False,ORIGINAL
AI099,adc4b4919d4f952851b45aa0ac117018,1d96baf00ff457518c392cdbc36d081e,20260418,142.0,False,False,ORIGINAL
6F203,6ae5133ee42f35cd132a43580eeb7688,143c0deac2b49915503dd16a9f5462ba,20260418,111.0,False,False,ORIGINAL
UK139,9f16374b2c912e79e7314809f36c7172,d813685481e1e769c9968895601aa06a,20260418,217.0,False,False,DERIVED
SJ008,10db3418b17657f44f554b3a79b69f30,fe10005e6631d2c82bc640a5b707027e,20260418,295.0,False,False,ORIGINAL
AI171,71ffb94c38439501b7cb7532b20299ce,1d96baf00ff457518c392cdbc36d081e,20260418,163.0,False,False,ORIGINAL
6F124,adc4b4919d4f952851b45aa0ac117018,143c0deac2b49915503dd16a9f5462ba,20260418,274.0,False,False,ORIGINAL
6F137,671c750b52cf4817ef2aa56f2ace75b0,143c0deac2b49915503dd16a9f5462ba,20260418,256.0,False,False,ORIGINAL
AI008,4c4c8887c010c37d7c415aee9e223b86,1d96baf00ff457518c392cdbc36d081e,20260418,120.00498333333333,False,False,ORIGINAL
SJ140,bc77046451bd9d63487f804a25d5b6fc,fe10005e6631d2c82bc640a5b707027e,20260418,228.0,False,False,DERIVED
UK016,8ff2523fe27e0b381e5ec1a14e29a704,d813685481e1e769c9968895601aa06a,20260418,40.0,False,False,ORIGINAL
AI127,96cabcf3c0a98d19c08ef1c8eeba1154,1d96baf00ff457518c392cdbc36d081e,20260418,188.0,False,False,ORIGINAL
SJ096,96cabcf3c0a98d19c08ef1c8eeba1154,fe10005e6631d2c82bc640a5b707027e,20260418,196.0,False,False,DERIVED
6F048,bc77046451bd9d63487f804a25d5b6fc,143c0deac2b49915503dd16a9f5462ba,20260418,51.0,False,False,ORIGINAL
SJ090,89b74decd3097ce93ec4cccfa8379efc,fe10005e6631d2c82bc640a5b707027e,20260418,167.0,False,False,ORIGINAL
AI014,89b74decd3097ce93ec4cccfa8379efc,1d96baf00ff457518c392cdbc36d081e,20260418,207.0,False,False,ORIGINAL
6F131,6ae5133ee42f35cd132a43580eeb7688,143c0deac2b49915503dd16a9f5462ba,20260418,238.0,False,False,ORIGINAL
AI130,c43ed166a8fa9fe1e85762faa8bf124b,1d96baf00ff457518c392cdbc36d081e,20260418,161.0,False,False,ORIGINAL
UK151,4c4c8887c010c37d7c415aee9e223b86,d813685481e1e769c9968895601aa06a,20260418,199.0,False,False,DERIVED
6F165,adc4b4919d4f952851b45aa0ac117018,143c0deac2b49915503dd16a9f5462ba,20260418,58.0,False,False,ORIGINAL
UK161,adc4b4919d4f952851b45aa0ac117018,d813685481e1e769c9968895601aa06a,20260418,163.0,False,False,ORIGINAL
AI107,8a783a606a385b3bfe750ffd23c30c03,1d96baf00ff457518c392cdbc36d081e,20260418,46.0,False,False,ORIGINAL
SJ104,bc77046451bd9d63487f804a25d5b6fc,fe10005e6631d2c82bc640a5b707027e,20260418,60.00496666666666,False,False,ORIGINAL
AI042,671c750b52cf4817ef2aa56f2ace75b0,1d96baf00ff457518c392cdbc36d081e,20260418,64.0,False,False,ORIGINAL
6F266,edec40d16277592f865f6f96d12c6237,143c0deac2b49915503dd16a9f5462ba,20260418,88.0,False,False,DERIVED
6F138,10db3418b17657f44f554b3a79b69f30,143c0deac2b49915503dd16a9f5462ba,20260418,184.0,False,False,ORIGINAL
SJ219,04f5fd88e0d3bf5692833a97649697b6,fe10005e6631d2c82bc640a5b707027e,20260418,277.0,False,False,ORIGINAL
UK197,6ae5133ee42f35cd132a43580eeb7688,d813685481e1e769c9968895601aa06a,20260418,92.0,False,False,ORIGINAL
6F119,dd9b7f73506b86ec79aa343e64a2fb35,143c0deac2b49915503dd16a9f5462ba,20260418,134.0,False,False,ORIGINAL
SJ058,96cabcf3c0a98d19c08ef1c8eeba1154,fe10005e6631d2c82bc640a5b707027e,20260418,256.0,False,False,ORIGINAL
AI218,4c4c8887c010c37d7c415aee9e223b86,1d96baf00ff457518c392cdbc36d081e,20260418,180.0,False,False,ORIGINAL
SJ060,8a783a606a385b3bfe750ffd23c30c03,fe10005e6631d2c82bc640a5b707027e,20260418,295.0,False,False,ORIGINAL
UK121,adc4b4919d4f952851b45aa0ac117018,d813685481e1e769c9968895601aa06a,20260418,240.0,False,False,ORIGINAL
6F208,24879a2de7527581c3dbc2294134abe5,143c0deac2b49915503dd16a9f5462ba,20260418,187.0,False,False,ORIGINAL
6F153,cae609ae5d68de9a8792d0e2117d4ded,143c0deac2b49915503dd16a9f5462ba,20260418,237.0,False,False,ORIGINAL
AI117,10db3418b17657f44f554b3a79b69f30,1d96baf00ff457518c392cdbc36d081e,20260418,111.0,False,False,ORIGINAL
SJ113,adc4b4919d4f952851b45aa0ac117018,fe10005e6631d2c82bc640a5b707027e,20260418,120.00496666666666,False,False,ORIGINAL
AI191,9f16374b2c912e79e7314809f36c7172,1d96baf00ff457518c392cdbc36d081e,20260418,241.0,False,False,ORIGINAL
6F267,317ae26badc5745d08250ee7a733dd0c,143c0deac2b49915503dd16a9f5462ba,20260418,233.0,False,False,DERIVED
6F185,671c750b52cf4817ef2aa56f2ace75b0,143c0deac2b49915503dd16a9f5462ba,20260418,139.0,False,False,ORIGINAL
AI114,671c750b52cf4817ef2aa56f2ace75b0,1d96baf00ff457518c392cdbc36d081e,20260418,75.0,False,False,ORIGINAL
6F155,cf98c283c13881769b3b684c7653eba9,143c0deac2b49915503dd16a9f5462ba,20260418,33.0,False,False,ORIGINAL
UK045,a51d75f60b5853f2ce43d68ddc769a90,d813685481e1e769c9968895601aa06a,20260418,105.0,False,False,ORIGINAL
AI111,12a0c17677be948b58459ad87ee14879,1d96baf00ff457518c392cdbc36d081e,20260418,179.0,False,False,ORIGINAL
AI156,24879a2de7527581c3dbc2294134abe5,1d96baf00ff457518c392cdbc36d081e,20260418,103.0,False,False,ORIGINAL
SJ128,cae609ae5d68de9a8792d0e2117d4ded,fe10005e6631d2c82bc640a5b707027e,20260418,183.0,False,False,ORIGINAL
AI104,a51d75f60b5853f2ce43d68ddc769a90,1d96baf00ff457518c392cdbc36d081e,20260418,105.0,False,False,ORIGINAL
6F225,8a783a606a385b3bfe750ffd23c30c03,143c0deac2b49915503dd16a9f5462ba,20260418,279.0,False,False,ORIGINAL
6F033,96cabcf3c0a98d19c08ef1c8eeba1154,143c0deac2b49915503dd16a9f5462ba,20260418,120.0,False,False,ORIGINAL
6F244,12a0c17677be948b58459ad87ee14879,143c0deac2b49915503dd16a9f5462ba,20260418,84.0,False,False,ORIGINAL
UK137,127ab6733de551c1aea35612b818c8d5,d813685481e1e769c9968895601aa06a,20260418,130.0,False,False,ORIGINAL
AI063,10db3418b17657f44f554b3a79b69f30,1d96baf00ff457518c392cdbc36d081e,20260418,263.0,False,False,ORIGINAL
SJ156,04f5fd88e0d3bf5692833a97649697b6,fe10005e6631d2c82bc640a5b707027e,20260418,35.0,False,False,ORIGINAL
UK125,c9d4324c50c5e70095cd3e0446bcbd2d,d813685481e1e769c9968895601aa06a,20260418,286.0,False,False,ORIGINAL
AI232,cf98c283c13881769b3b684c7653eba9,1d96baf00ff457518c392cdbc36d081e,20260418,210.0,False,False,ORIGINAL
AI167,b871fbfcad03d855bfddf41229297608,1d96baf00ff457518c392cdbc36d081e,20260418,267.0,False,False,ORIGINAL
UK160,adc4b4919d4f952851b45aa0ac117018,d813685481e1e769c9968895601aa06a,20260418,256.0,False,False,ORIGINAL
UK129,89b74decd3097ce93ec4cccfa8379efc,d813685481e1e769c9968895601aa06a,20260418,60.00496666666666,False,False,ORIGINAL
SJ230,4c4c8887c010c37d7c415aee9e223b86,fe10005e6631d2c82bc640a5b707027e,20260418,275.0,False,False,ORIGINAL
SJ056,bc77046451bd9d63487f804a25d5b6fc,fe10005e6631d2c82bc640a5b707027e,20260418,59.0,False,False,ORIGINAL
SJ137,671c750b52cf4817ef2aa56f2ace75b0,fe10005e6631d2c82bc640a5b707027e,20260418,246.0,False,False,ORIGINAL
6F081,71ffb94c38439501b7cb7532b20299ce,143c0deac2b49915503dd16a9f5462ba,20260418,99.0,False,False,ORIGINAL
6F088,cae609ae5d68de9a8792d0e2117d4ded,143c0deac2b49915503dd16a9f5462ba,20260418,151.0,False,False,ORIGINAL
6F121,89b74decd3097ce93ec4cccfa8379efc,143c0deac2b49915503dd16a9f5462ba,20260418,298.0,False,False,ORIGINAL
UK214,bc77046451bd9d63487f804a25d5b6fc,d813685481e1e769c9968895601aa06a,20260418,220.0,False,False,ORIGINAL
6F060,cf98c283c13881769b3b684c7653eba9,143c0deac2b49915503dd16a9f5462ba,20260418,120.00498333333333,False,False,ORIGINAL
SJ101,671c750b52cf4817ef2aa56f2ace75b0,fe10005e6631d2c82bc640a5b707027e,20260418,100.0,False,False,ORIGINAL
AI017,24879a2de7527581c3dbc2294134abe5,1d96baf00ff457518c392cdbc36d081e,20260418,213.0,False,False,ORIGINAL
6F120,adc4b4919d4f952851b45aa0ac117018,143c0deac2b49915503dd16a9f5462ba,20260418,60.0,False,False,ORIGINAL
6F217,adc4b4919d4f952851b45aa0ac117018,143c0deac2b49915503dd16a9f5462ba,20260418,168.0,False,False,ORIGINAL
AI194,71ffb94c38439501b7cb7532b20299ce,1d96baf00ff457518c392cdbc36d081e,20260418,269.0,False,False,ORIGINAL
AI095,317ae26badc5745d08250ee7a733dd0c,1d96baf00ff457518c392cdbc36d081e,20260418,198.0,False,False,ORIGINAL
SJ190,4c4c8887c010c37d7c415aee9e223b86,fe10005e6631d2c82bc640a5b707027e,20260418,268.0,False,False,ORIGINAL
6F139,89b74decd3097ce93ec4cccfa8379efc,143c0deac2b49915503dd16a9f5462ba,20260418,202.0,False,False,ORIGINAL
6F062,671c750b52cf4817ef2aa56f2ace75b0,143c0deac2b49915503dd16a9f5462ba,20260418,87.0,False,False,ORIGINAL
UK011,671c750b52cf4817ef2aa56f2ace75b0,d813685481e1e769c9968895601aa06a,20260418,104.0,False,False,ORIGINAL
6F100,c43ed166a8fa9fe1e85762faa8bf124b,143c0deac2b49915503dd16a9f5462ba,20260418,189.0,False,False,ORIGINAL
6F228,89b74decd3097ce93ec4cccfa8379efc,143c0deac2b49915503dd16a9f5462ba,20260418,291.0,False,False,ORIGINAL
UK033,bc77046451bd9d63487f804a25d5b6fc,d813685481e1e769c9968895601aa06a,20260418,284.0,False,False,ORIGINAL
SJ231,cf98c283c13881769b3b684c7653eba9,fe10005e6631d2c82bc640a5b707027e,20260418,85.0,False,False,ORIGINAL
AI166,4c4c8887c010c37d7c415aee9e223b86,1d96baf00ff457518c392cdbc36d081e,20260418,183.0,False,False,ORIGINAL
SJ176,dd9b7f73506b86ec79aa343e64a2fb35,fe10005e6631d2c82bc640a5b707027e,20260418,122.0,False,False,ORIGINAL
SJ065,71ffb94c38439501b7cb7532b20299ce,fe10005e6631d2c82bc640a5b707027e,20260418,164.0,False,False,ORIGINAL
6F160,71ffb94c38439501b7cb7532b20299ce,143c0deac2b49915503dd16a9f5462ba,20260418,257.0,False,False,ORIGINAL
AI089,24879a2de7527581c3dbc2294134abe5,1d96baf00ff457518c392cdbc36d081e,20260418,42.0,False,False,ORIGINAL
UK226,a51d75f60b5853f2ce43d68ddc769a90,d813685481e1e769c9968895601aa06a,20260418,63.0,False,False,ORIGINAL
SJ123,4c4c8887c010c37d7c415aee9e223b86,fe10005e6631d2c82bc640a5b707027e,20260418,88.0,False,False,ORIGINAL
AI054,8a783a606a385b3bfe750ffd23c30c03,1d96baf00ff457518c392cdbc36d081e,20260418,266.0,False,False,ORIGINAL
UK019,225fb0760ffcd1233b1e4a61a511e724,d813685481e1e769c9968895601aa06a,20260418,54.0,False,False,ORIGINAL
UK032,adc4b4919d4f952851b45aa0ac117018,d813685481e1e769c9968895601aa06a,20260418,237.0,False,False,ORIGINAL
SJ100,71ffb94c38439501b7cb7532b20299ce,fe10005e6631d2c82bc640a5b707027e,20260418,202.0,False,False,ORIGINAL
SJ094,a51d75f60b5853f2ce43d68ddc769a90,fe10005e6631d2c82bc640a5b707027e,20260418,284.0,False,False,ORIGINAL
6F101,127ab6733de551c1aea35612b818c8d5,143c0deac2b49915503dd16a9f5462ba,20260418,297.0,False,False,ORIGINAL
6F006,c43ed166a8fa9fe1e85762faa8bf124b,143c0deac2b49915503dd16a9f5462ba,20260418,120.00498333333333,False,False,ORIGINAL
AI006,c43ed166a8fa9fe1e85762faa8bf124b,1d96baf00ff457518c392cdbc36d081e,20260418,170.0,False,False,ORIGINAL
AI195,edec40d16277592f865f6f96d12c6237,1d96baf00ff457518c392cdbc36d081e,20260418,119.0,False,False,ORIGINAL
UK072,c43ed166a8fa9fe1e85762faa8bf124b,d813685481e1e769c9968895601aa06a,20260418,180.0049666666667,False,False,ORIGINAL
AI244,adc4b4919d4f952851b45aa0ac117018,1d96baf00ff457518c392cdbc36d081e,20260418,35.0,False,False,ORIGINAL
SJ059,671c750b52cf4817ef2aa56f2ace75b0,fe10005e6631d2c82bc640a5b707027e,20260418,76.0,False,False,ORIGINAL
SJ009,cae609ae5d68de9a8792d0e2117d4ded,fe10005e6631d2c82bc640a5b707027e,20260418,95.0,False,False,ORIGINAL
AI121,89b74decd3097ce93ec4cccfa8379efc,1d96baf00ff457518c392cdbc36d081e,20260418,209.0,False,False,ORIGINAL
6F265,96cabcf3c0a98d19c08ef1c8eeba1154,143c0deac2b49915503dd16a9f5462ba,20260418,57.0,False,False,DERIVED
6F110,bc77046451bd9d63487f804a25d5b6fc,143c0deac2b49915503dd16a9f5462ba,20260418,201.0,False,False,ORIGINAL
UK018,4c4c8887c010c37d7c415aee9e223b86,d813685481e1e769c9968895601aa06a,20260418,113.0,False,False,ORIGINAL
6F072,3994560a2c713f116680d065b7d4c478,143c0deac2b49915503dd16a9f5462ba,20260418,57.0,False,False,ORIGINAL
6F159,24879a2de7527581c3dbc2294134abe5,143c0deac2b49915503dd16a9f5462ba,20260418,35.0,False,False,ORIGINAL
6F095,9f16374b2c912e79e7314809f36c7172,143c0deac2b49915503dd16a9f5462ba,20260418,221.0,False,False,ORIGINAL
SJ129,24879a2de7527581c3dbc2294134abe5,fe10005e6631d2c82bc640a5b707027e,20260418,240.0,False,False,ORIGINAL
UK039,c9d4324c50c5e70095cd3e0446bcbd2d,d813685481e1e769c9968895601aa06a,20260418,73.0,False,False,ORIGINAL
6F130,96cabcf3c0a98d19c08ef1c8eeba1154,143c0deac2b49915503dd16a9f5462ba,20260418,78.0,False,False,ORIGINAL
6F247,96cabcf3c0a98d19c08ef1c8eeba1154,143c0deac2b49915503dd16a9f5462ba,20260418,78.0,False,False,ORIGINAL
SJ233,96cabcf3c0a98d19c08ef1c8eeba1154,fe10005e6631d2c82bc640a5b707027e,20260418,98.0,False,False,ORIGINAL
6F231,89b74decd3097ce93ec4cccfa8379efc,143c0deac2b49915503dd16a9f5462ba,20260418,267.0,False,False,ORIGINAL
AI125,671c750b52cf4817ef2aa56f2ace75b0,1d96baf00ff457518c392cdbc36d081e,20260418,219.0,False,False,DERIVED
6F102,89b74decd3097ce93ec4cccfa8379efc,143c0deac2b49915503dd16a9f5462ba,20260418,74.0,False,False,ORIGINAL
UK078,225fb0760ffcd1233b1e4a61a511e724,d813685481e1e769c9968895601aa06a,20260418,209.0,False,False,ORIGINAL
UK043,96cabcf3c0a98d19c08ef1c8eeba1154,d813685481e1e769c9968895601aa06a,20260418,244.0,False,False,DERIVED
AI144,382e870b93a9172b725c021a093b911d,1d96baf00ff457518c392cdbc36d081e,20260418,173.0,False,False,ORIGINAL
UK054,adc4b4919d4f952851b45aa0ac117018,d813685481e1e769c9968895601aa06a,20260418,293.0,False,False,ORIGINAL
UK108,cf98c283c13881769b3b684c7653eba9,d813685481e1e769c9968895601aa06a,20260418,198.0,False,False,ORIGINAL
6F008,dd9b7f73506b86ec79aa343e64a2fb35,143c0deac2b49915503dd16a9f5462ba,20260418,285.0,False,False,ORIGINAL
6F106,4c4c8887c010c37d7c415aee9e223b86,143c0deac2b49915503dd16a9f5462ba,20260418,102.0,False,False,ORIGINAL
AI203,4c4c8887c010c37d7c415aee9e223b86,1d96baf00ff457518c392cdbc36d081e,20260418,167.0,False,False,ORIGINAL
AI065,71ffb94c38439501b7cb7532b20299ce,1d96baf00ff457518c392cdbc36d081e,20260418,291.0,False,False,DERIVED
UK053,adc4b4919d4f952851b45aa0ac117018,d813685481e1e769c9968895601aa06a,20260417,170.0,False,False,ORIGINAL
UK086,cae609ae5d68de9a8792d0e2117d4ded,d813685481e1e769c9968895601aa06a,20260417,152.0,False,False,ORIGINAL
SJ223,89b74decd3097ce93ec4cccfa8379efc,fe10005e6631d2c82bc640a5b707027e,20260417,74.0,False,False,ORIGINAL
6F069,71ffb94c38439501b7cb7532b20299ce,143c0deac2b49915503dd16a9f5462ba,20260417,213.0,False,False,ORIGINAL
6F032,dd9b7f73506b86ec79aa343e64a2fb35,143c0deac2b49915503dd16a9f5462ba,20260417,159.0,False,False,ORIGINAL
UK178,cf98c283c13881769b3b684c7653eba9,d813685481e1e769c9968895601aa06a,20260417,268.0,False,False,ORIGINAL
6F108,96cabcf3c0a98d19c08ef1c8eeba1154,143c0deac2b49915503dd16a9f5462ba,20260417,222.0,False,False,ORIGINAL
UK147,671c750b52cf4817ef2aa56f2ace75b0,d813685481e1e769c9968895601aa06a,20260417,200.0,False,False,ORIGINAL
AI187,6ae5133ee42f35cd132a43580eeb7688,1d96baf00ff457518c392cdbc36d081e,20260417,104.0,False,False,ORIGINAL
UK213,4c4c8887c010c37d7c415aee9e223b86,d813685481e1e769c9968895601aa06a,20260417,100.0,False,False,ORIGINAL
AI035,317ae26badc5745d08250ee7a733dd0c,1d96baf00ff457518c392cdbc36d081e,20260417,91.0,False,False,ORIGINAL
UK186,c43ed166a8fa9fe1e85762faa8bf124b,d813685481e1e769c9968895601aa06a,20260417,197.0,False,False,ORIGINAL
6F045,225fb0760ffcd1233b1e4a61a511e724,143c0deac2b49915503dd16a9f5462ba,20260417,274.0,False,False,ORIGINAL
UK025,dd9b7f73506b86ec79aa343e64a2fb35,d813685481e1e769c9968895601aa06a,20260417,232.0,False,False,ORIGINAL
UK162,4c4c8887c010c37d7c415aee9e223b86,d813685481e1e769c9968895601aa06a,20260417,94.0,False,False,ORIGINAL
AI157,3994560a2c713f116680d065b7d4c478,1d96baf00ff457518c392cdbc36d081e,20260417,168.0,False,False,ORIGINAL
6F096,71ffb94c38439501b7cb7532b20299ce,143c0deac2b49915503dd16a9f5462ba,20260417,253.0,False,False,ORIGINAL
SJ229,671c750b52cf4817ef2aa56f2ace75b0,fe10005e6631d2c82bc640a5b707027e,20260417,122.0,False,False,ORIGINAL
AI214,671c750b52cf4817ef2aa56f2ace75b0,1d96baf00ff457518c392cdbc36d081e,20260417,266.0,False,False,ORIGINAL
6F205,c9d4324c50c5e70095cd3e0446bcbd2d,143c0deac2b49915503dd16a9f5462ba,20260417,106.0,False,False,ORIGINAL
SJ157,96cabcf3c0a98d19c08ef1c8eeba1154,fe10005e6631d2c82bc640a5b707027e,20260417,174.0,False,False,ORIGINAL
UK114,8a783a606a385b3bfe750ffd23c30c03,d813685481e1e769c9968895601aa06a,20260417,108.0,False,False,ORIGINAL
6F054,10db3418b17657f44f554b3a79b69f30,143c0deac2b49915503dd16a9f5462ba,20260417,205.0,False,False,ORIGINAL
6F216,b871fbfcad03d855bfddf41229297608,143c0deac2b49915503dd16a9f5462ba,20260417,293.0,False,False,ORIGINAL
AI231,96cabcf3c0a98d19c08ef1c8eeba1154,1d96baf00ff457518c392cdbc36d081e,20260417,119.0,False,False,ORIGINAL
UK103,b6e2cc2aaf99f21f5582a5d4b9ae2a9f,d813685481e1e769c9968895601aa06a,20260417,194.0,False,False,ORIGINAL
AI066,89b74decd3097ce93ec4cccfa8379efc,1d96baf00ff457518c392cdbc36d081e,20260417,140.0,False,False,ORIGINAL
6F186,c9d4324c50c5e70095cd3e0446bcbd2d,143c0deac2b49915503dd16a9f5462ba,20260417,254.0,False,False,ORIGINAL
AI021,96cabcf3c0a98d19c08ef1c8eeba1154,1d96baf00ff457518c392cdbc36d081e,20260417,239.0,False,False,ORIGINAL
AI113,27d0f59c48e41aa01667e01a8c02ec7b,1d96baf00ff457518c392cdbc36d081e,20260417,150.0,False,False,ORIGINAL
SJ031,dd9b7f73506b86ec79aa343e64a2fb35,fe10005e6631d2c82bc640a5b707027e,20260417,69.0,False,False,ORIGINAL
UK217,12a0c17677be948b58459ad87ee14879,d813685481e1e769c9968895601aa06a,20260417,55.0,False,False,ORIGINAL
SJ120,71ffb94c38439501b7cb7532b20299ce,fe10005e6631d2c82bc640a5b707027e,20260417,217.0,False,False,ORIGINAL
UK180,edec40d16277592f865f6f96d12c6237,d813685481e1e769c9968895601aa06a,20260417,131.0,False,False,ORIGINAL
6F242,9f16374b2c912e79e7314809f36c7172,143c0deac2b49915503dd16a9f5462ba,20260417,234.0,False,False,ORIGINAL
UK080,9f16374b2c912e79e7314809f36c7172,d813685481e1e769c9968895601aa06a,20260417,80.0,False,False,ORIGINAL
SJ124,bc77046451bd9d63487f804a25d5b6fc,fe10005e6631d2c82bc640a5b707027e,20260417,247.0,False,False,ORIGINAL
SJ115,225fb0760ffcd1233b1e4a61a511e724,fe10005e6631d2c82bc640a5b707027e,20260417,125.0,False,False,ORIGINAL
AI081,24879a2de7527581c3dbc2294134abe5,1d96baf00ff457518c392cdbc36d081e,20260417,108.0,False,False,ORIGINAL
AI142,04f5fd88e0d3bf5692833a97649697b6,1d96baf00ff457518c392cdbc36d081e,20260417,134.0,False,False,ORIGINAL
UK052,3994560a2c713f116680d065b7d4c478,d813685481e1e769c9968895601aa06a,20260417,52.0,False,False,ORIGINAL
UK014,89b74decd3097ce93ec4cccfa8379efc,d813685481e1e769c9968895601aa06a,20260417,85.0,False,False,ORIGINAL
AI230,cae609ae5d68de9a8792d0e2117d4ded,1d96baf00ff457518c392cdbc36d081e,20260417,225.0,False,False,DERIVED
6F268,317ae26badc5745d08250ee7a733dd0c,143c0deac2b49915503dd16a9f5462ba,20260417,89.0,False,False,DERIVED
AI124,27d0f59c48e41aa01667e01a8c02ec7b,1d96baf00ff457518c392cdbc36d081e,20260417,212.0,False,False,ORIGINAL
6F082,c43ed166a8fa9fe1e85762faa8bf124b,143c0deac2b49915503dd16a9f5462ba,20260417,120.0,False,False,ORIGINAL
SJ035,671c750b52cf4817ef2aa56f2ace75b0,fe10005e6631d2c82bc640a5b707027e,20260417,60.004983333333335,False,False,ORIGINAL
SJ095,317ae26badc5745d08250ee7a733dd0c,fe10005e6631d2c82bc640a5b707027e,20260417,184.0,False,False,ORIGINAL
UK230,adc4b4919d4f952851b45aa0ac117018,d813685481e1e769c9968895601aa06a,20260417,93.0,False,False,ORIGINAL
UK171,8a783a606a385b3bfe750ffd23c30c03,d813685481e1e769c9968895601aa06a,20260417,174.0,False,False,ORIGINAL
6F147,89b74decd3097ce93ec4cccfa8379efc,143c0deac2b49915503dd16a9f5462ba,20260417,274.0,False,False,ORIGINAL
SJ212,71ffb94c38439501b7cb7532b20299ce,fe10005e6631d2c82bc640a5b707027e,20260417,115.0,False,False,DERIVED
6F080,89b74decd3097ce93ec4cccfa8379efc,143c0deac2b49915503dd16a9f5462ba,20260417,206.0,False,False,ORIGINAL
UK049,c9d4324c50c5e70095cd3e0446bcbd2d,d813685481e1e769c9968895601aa06a,20260417,45.0,False,False,ORIGINAL
AI152,3994560a2c713f116680d065b7d4c478,1d96baf00ff457518c392cdbc36d081e,20260417,65.0,False,False,ORIGINAL
AI162,b6e2cc2aaf99f21f5582a5d4b9ae2a9f,1d96baf00ff457518c392cdbc36d081e,20260417,200.0,False,False,ORIGINAL
SJ037,adc4b4919d4f952851b45aa0ac117018,fe10005e6631d2c82bc640a5b707027e,20260417,197.0,False,False,ORIGINAL
AI172,4c4c8887c010c37d7c415aee9e223b86,1d96baf00ff457518c392cdbc36d081e,20260417,45.0,False,False,ORIGINAL
UK205,89b74decd3097ce93ec4cccfa8379efc,d813685481e1e769c9968895601aa06a,20260417,169.0,False,False,ORIGINAL
AI199,bc77046451bd9d63487f804a25d5b6fc,1d96baf00ff457518c392cdbc36d081e,20260417,219.0,False,False,ORIGINAL
6F241,96cabcf3c0a98d19c08ef1c8eeba1154,143c0deac2b49915503dd16a9f5462ba,20260417,35.0,False,False,ORIGINAL
SJ041,27d0f59c48e41aa01667e01a8c02ec7b,fe10005e6631d2c82bc640a5b707027e,20260417,275.0,False,False,ORIGINAL
AI064,9f16374b2c912e79e7314809f36c7172,1d96baf00ff457518c392cdbc36d081e,20260417,103.0,False,False,ORIGINAL
UK169,bc77046451bd9d63487f804a25d5b6fc,d813685481e1e769c9968895601aa06a,20260417,289.0,False,False,ORIGINAL
UK144,4c4c8887c010c37d7c415aee9e223b86,d813685481e1e769c9968895601aa06a,20260417,172.0,False,False,ORIGINAL
AI118,89b74decd3097ce93ec4cccfa8379efc,1d96baf00ff457518c392cdbc36d081e,20260417,129.0,False,False,ORIGINAL
SJ145,6ae5133ee42f35cd132a43580eeb7688,fe10005e6631d2c82bc640a5b707027e,20260417,177.0,False,False,ORIGINAL
SJ077,9f16374b2c912e79e7314809f36c7172,fe10005e6631d2c82bc640a5b707027e,20260417,128.0,False,False,ORIGINAL
AI126,a51d75f60b5853f2ce43d68ddc769a90,1d96baf00ff457518c392cdbc36d081e,20260417,202.0,False,False,ORIGINAL
SJ033,bc77046451bd9d63487f804a25d5b6fc,fe10005e6631d2c82bc640a5b707027e,20260417,85.0,False,False,ORIGINAL
SJ180,8a783a606a385b3bfe750ffd23c30c03,fe10005e6631d2c82bc640a5b707027e,20260417,288.0,False,False,ORIGINAL
6F183,a51d75f60b5853f2ce43d68ddc769a90,143c0deac2b49915503dd16a9f5462ba,20260417,164.0,False,False,ORIGINAL
AI145,dd9b7f73506b86ec79aa343e64a2fb35,1d96baf00ff457518c392cdbc36d081e,20260417,265.0,False,False,DERIVED
6F089,96cabcf3c0a98d19c08ef1c8eeba1154,143c0deac2b49915503dd16a9f5462ba,20260417,124.0,False,False,ORIGINAL
6F207,225fb0760ffcd1233b1e4a61a511e724,143c0deac2b49915503dd16a9f5462ba,20260417,241.0,False,False,ORIGINAL
AI229,89b74decd3097ce93ec4cccfa8379efc,1d96baf00ff457518c392cdbc36d081e,20260417,112.0,False,False,ORIGINAL
6F223,71ffb94c38439501b7cb7532b20299ce,143c0deac2b49915503dd16a9f5462ba,20260417,34.0,False,False,ORIGINAL
6F116,12a0c17677be948b58459ad87ee14879,143c0deac2b49915503dd16a9f5462ba,20260417,139.0,False,False,ORIGINAL
SJ240,225fb0760ffcd1233b1e4a61a511e724,fe10005e6631d2c82bc640a5b707027e,20260417,219.0,False,False,ORIGINAL
SJ184,671c750b52cf4817ef2aa56f2ace75b0,fe10005e6631d2c82bc640a5b707027e,20260417,268.0,False,False,ORIGINAL
AI087,b6e2cc2aaf99f21f5582a5d4b9ae2a9f,1d96baf00ff457518c392cdbc36d081e,20260417,238.0,False,False,ORIGINAL
UK148,c9d4324c50c5e70095cd3e0446bcbd2d,d813685481e1e769c9968895601aa06a,20260417,132.0,False,False,ORIGINAL
AI210,adc4b4919d4f952851b45aa0ac117018,1d96baf00ff457518c392cdbc36d081e,20260417,157.0,False,False,ORIGINAL
6F093,671c750b52cf4817ef2aa56f2ace75b0,143c0deac2b49915503dd16a9f5462ba,20260417,231.0,False,False,ORIGINAL
SJ080,edec40d16277592f865f6f96d12c6237,fe10005e6631d2c82bc640a5b707027e,20260417,115.0,False,False,ORIGINAL
SJ005,317ae26badc5745d08250ee7a733dd0c,fe10005e6631d2c82bc640a5b707027e,20260417,81.0,False,False,ORIGINAL
6F040,8a783a606a385b3bfe750ffd23c30c03,143c0deac2b49915503dd16a9f5462ba,20260417,281.0,False,False,ORIGINAL
AI212,8ff2523fe27e0b381e5ec1a14e29a704,1d96baf00ff457518c392cdbc36d081e,20260417,282.0,False,False,ORIGINAL
AI154,89b74decd3097ce93ec4cccfa8379efc,1d96baf00ff457518c392cdbc36d081e,20260417,231.0,False,False,ORIGINAL
6F239,24879a2de7527581c3dbc2294134abe5,143c0deac2b49915503dd16a9f5462ba,20260417,133.0,False,False,ORIGINAL
UK199,4c4c8887c010c37d7c415aee9e223b86,d813685481e1e769c9968895601aa06a,20260417,211.0,False,False,ORIGINAL
6F218,adc4b4919d4f952851b45aa0ac117018,143c0deac2b49915503dd16a9f5462ba,20260417,227.0,False,False,ORIGINAL
6F011,71ffb94c38439501b7cb7532b20299ce,143c0deac2b49915503dd16a9f5462ba,20260417,120.00498333333333,False,False,ORIGINAL
UK106,4c4c8887c010c37d7c415aee9e223b86,d813685481e1e769c9968895601aa06a,20260417,131.0,False,False,ORIGINAL
UK030,671c750b52cf4817ef2aa56f2ace75b0,d813685481e1e769c9968895601aa06a,20260417,267.0,False,False,ORIGINAL
6F090,10db3418b17657f44f554b3a79b69f30,143c0deac2b49915503dd16a9f5462ba,20260417,252.0,False,False,ORIGINAL
AI184,4c4c8887c010c37d7c415aee9e223b86,1d96baf00ff457518c392cdbc36d081e,20260417,120.00495,False,False,ORIGINAL
SJ232,71ffb94c38439501b7cb7532b20299ce,fe10005e6631d2c82bc640a5b707027e,20260417,260.0,False,False,ORIGINAL
AI153,4c4c8887c010c37d7c415aee9e223b86,1d96baf00ff457518c392cdbc36d081e,20260417,88.0,False,False,ORIGINAL
UK101,96cabcf3c0a98d19c08ef1c8eeba1154,d813685481e1e769c9968895601aa06a,20260417,163.0,False,False,ORIGINAL
6F200,bc77046451bd9d63487f804a25d5b6fc,143c0deac2b49915503dd16a9f5462ba,20260417,287.0,False,False,ORIGINAL
6F162,24879a2de7527581c3dbc2294134abe5,143c0deac2b49915503dd16a9f5462ba,20260417,174.0,False,False,ORIGINAL
SJ197,10db3418b17657f44f554b3a79b69f30,fe10005e6631d2c82bc640a5b707027e,20260417,164.0,False,False,ORIGINAL
AI174,8ff2523fe27e0b381e5ec1a14e29a704,1d96baf00ff457518c392cdbc36d081e,20260417,136.0,False,False,ORIGINAL
UK090,89b74decd3097ce93ec4cccfa8379efc,d813685481e1e769c9968895601aa06a,20260417,160.0,False,False,ORIGINAL
UK124,71ffb94c38439501b7cb7532b20299ce,d813685481e1e769c9968895601aa06a,20260417,154.0,False,False,ORIGINAL
AI239,225fb0760ffcd1233b1e4a61a511e724,1d96baf00ff457518c392cdbc36d081e,20260417,194.0,False,False,ORIGINAL
UK002,edec40d16277592f865f6f96d12c6237,d813685481e1e769c9968895601aa06a,20260417,292.0,False,False,ORIGINAL
SJ055,89b74decd3097ce93ec4cccfa8379efc,fe10005e6631d2c82bc640a5b707027e,20260417,219.0,False,False,ORIGINAL
UK132,04f5fd88e0d3bf5692833a97649697b6,d813685481e1e769c9968895601aa06a,20260417,127.0,False,False,ORIGINAL
6F002,9f16374b2c912e79e7314809f36c7172,143c0deac2b49915503dd16a9f5462ba,20260417,203.0,False,False,ORIGINAL
UK005,127ab6733de551c1aea35612b818c8d5,d813685481e1e769c9968895601aa06a,20260417,252.0,False,False,ORIGINAL
6F258,04f5fd88e0d3bf5692833a97649697b6,143c0deac2b49915503dd16a9f5462ba,20260417,175.0,False,False,DERIVED
SJ244,b871fbfcad03d855bfddf41229297608,fe10005e6631d2c82bc640a5b707027e,20260417,108.0,False,False,ORIGINAL
AI075,671c750b52cf4817ef2aa56f2ace75b0,1d96baf00ff457518c392cdbc36d081e,20260417,178.0,False,False,ORIGINAL
AI160,b6e2cc2aaf99f21f5582a5d4b9ae2a9f,1d96baf00ff457518c392cdbc36d081e,20260417,200.0,False,False,ORIGINAL
UK091,24879a2de7527581c3dbc2294134abe5,d813685481e1e769c9968895601aa06a,20260417,234.0,False,False,ORIGINAL
UK195,c9d4324c50c5e70095cd3e0446bcbd2d,d813685481e1e769c9968895601aa06a,20260417,180.0,False,False,ORIGINAL
6F044,96cabcf3c0a98d19c08ef1c8eeba1154,143c0deac2b49915503dd16a9f5462ba,20260417,251.0,False,False,ORIGINAL
6F248,96cabcf3c0a98d19c08ef1c8eeba1154,143c0deac2b49915503dd16a9f5462ba,20260417,251.0,False,False,ORIGINAL
6F204,8ff2523fe27e0b381e5ec1a14e29a704,143c0deac2b49915503dd16a9f5462ba,20260417,161.0,False,False,ORIGINAL
SJ092,9f16374b2c912e79e7314809f36c7172,fe10005e6631d2c82bc640a5b707027e,20260417,277.0,False,False,ORIGINAL
AI119,71ffb94c38439501b7cb7532b20299ce,1d96baf00ff457518c392cdbc36d081e,20260417,162.0,False,False,ORIGINAL
AI151,a51d75f60b5853f2ce43d68ddc769a90,1d96baf00ff457518c392cdbc36d081e,20260417,56.0,False,False,ORIGINAL
UK107,c9d4324c50c5e70095cd3e0446bcbd2d,d813685481e1e769c9968895601aa06a,20260417,76.0,False,False,ORIGINAL
SJ019,b871fbfcad03d855bfddf41229297608,fe10005e6631d2c82bc640a5b707027e,20260417,169.0,False,False,ORIGINAL
AI052,edec40d16277592f865f6f96d12c6237,1d96baf00ff457518c392cdbc36d081e,20260417,156.0,False,False,ORIGINAL
SJ177,4c4c8887c010c37d7c415aee9e223b86,fe10005e6631d2c82bc640a5b707027e,20260417,273.0,False,False,ORIGINAL
6F215,cf98c283c13881769b3b684c7653eba9,143c0deac2b49915503dd16a9f5462ba,20260417,270.0,False,False,ORIGINAL
AI223,4c4c8887c010c37d7c415aee9e223b86,1d96baf00ff457518c392cdbc36d081e,20260417,109.0,False,False,ORIGINAL
SJ069,10db3418b17657f44f554b3a79b69f30,fe10005e6631d2c82bc640a5b707027e,20260417,84.0,False,False,ORIGINAL
6F198,10db3418b17657f44f554b3a79b69f30,143c0deac2b49915503dd16a9f5462ba,20260417,299.0,False,False,ORIGINAL
AI093,c43ed166a8fa9fe1e85762faa8bf124b,1d96baf00ff457518c392cdbc36d081e,20260417,293.0,False,False,ORIGINAL
UK062,bc77046451bd9d63487f804a25d5b6fc,d813685481e1e769c9968895601aa06a,20260417,182.0,False,False,ORIGINAL
6F057,b6e2cc2aaf99f21f5582a5d4b9ae2a9f,143c0deac2b49915503dd16a9f5462ba,20260417,198.0,False,False,ORIGINAL
UK064,04f5fd88e0d3bf5692833a97649697b6,d813685481e1e769c9968895601aa06a,20260417,150.0,False,False,ORIGINAL
