booking_id,passenger_id,flight_id,route_key,airline_key,date_key,status,seat_number,total_paid_amount,payment_count
B1000,P1591,AI192,382e870b93a9172b725c021a093b911d,1d96baf00ff457518c392cdbc36d081e,20250614,CANCELLED,3D,0.0,0
B1001,P1803,6F026,4c4c8887c010c37d7c415aee9e223b86,143c0deac2b49915503dd16a9f5462ba,20251102,CANCELLED,18A,0.0,0
B1002,P1083,SJ010,edec40d16277592f865f6f96d12c6237,fe10005e6631d2c82bc640a5b707027e,20250825,CANCELLED,30C,8593.08,2
B1003,P1364,AI069,dd9b7f73506b86ec79aa343e64a2fb35,1d96baf00ff457518c392cdbc36d081e,20251230,CONFIRMED,33A,0.0,0
B1004,P1885,UK003,bc77046451bd9d63487f804a25d5b6fc,d813685481e1e769c9968895601aa06a,20251002,PENDING,25C,12222.48,1
B1005,P1548,AI048,671c750b52cf4817ef2aa56f2ace75b0,1d96baf00ff457518c392cdbc36d081e,20250831,CONFIRMED,13D,13378.9,1
B1006,P1341,AI140,04f5fd88e0d3bf5692833a97649697b6,1d96baf00ff457518c392cdbc36d081e,20250629,CANCELLED,17F,14980.37,1
B1007,P1838,UK167,317ae26badc5745d08250ee7a733dd0c,d813685481e1e769c9968895601aa06a,20260312,CONFIRMED,22E,0.0,0
B1008,P1406,AI245,4c4c8887c010c37d7c415aee9e223b86,1d96baf00ff457518c392cdbc36d081e,20250907,PENDING,34F,0.0,0
B1009,P1424,SJ158,96cabcf3c0a98d19c08ef1c8eeba1154,fe10005e6631d2c82bc640a5b707027e,20250428,CANCELLED,33C,0.0,0
B1010,P1743,AI155,4c4c8887c010c37d7c415aee9e223b86,1d96baf00ff457518c392cdbc36d081e,20251124,CONFIRMED,15B,0.0,0
B1011,P1092,AI179,c9d4324c50c5e70095cd3e0446bcbd2d,1d96baf00ff457518c392cdbc36d081e,20251025,CONFIRMED,22C,2115.18,1
B1012,P1847,AI137,04f5fd88e0d3bf5692833a97649697b6,1d96baf00ff457518c392cdbc36d081e,20250815,PENDING,28B,23702.39,3
B1013,P1613,SJ001,127ab6733de551c1aea35612b818c8d5,fe10005e6631d2c82bc640a5b707027e,20250720,CONFIRMED,26E,1176.33,1
B1014,P1411,SJ172,671c750b52cf4817ef2aa56f2ace75b0,fe10005e6631d2c82bc640a5b707027e,20250915,PENDING,21E,0.0,0
B1015,P1431,UK094,4c4c8887c010c37d7c415aee9e223b86,d813685481e1e769c9968895601aa06a,20251021,UNKNOWN,6F,19609.66,2
B1016,P1677,UK027,4c4c8887c010c37d7c415aee9e223b86,d813685481e1e769c9968895601aa06a,20260113,CANCELLED,6A,23800.77,2
B1017,P1158,UK067,4c4c8887c010c37d7c415aee9e223b86,d813685481e1e769c9968895601aa06a,20260404,CONFIRMED,13B,0.0,0
B1018,P1013,6F196,edec40d16277592f865f6f96d12c6237,143c0deac2b49915503dd16a9f5462ba,20260325,CANCELLED,19B,2588.63,1
B1019,P1372,6F164,adc4b4919d4f952851b45aa0ac117018,143c0deac2b49915503dd16a9f5462ba,20250731,CANCELLED,19A,18621.0,2
B1020,P1224,SJ112,bc77046451bd9d63487f804a25d5b6fc,fe10005e6631d2c82bc640a5b707027e,20251206,CONFIRMED,27B,8150.35,1
B1021,P1504,6F190,317ae26badc5745d08250ee7a733dd0c,143c0deac2b49915503dd16a9f5462ba,20251207,CANCELLED,4E,6949.93,1
B1022,P1072,AI080,225fb0760ffcd1233b1e4a61a511e724,1d96baf00ff457518c392cdbc36d081e,20260325,CONFIRMED,16F,0.0,0
B1023,P1248,6F213,adc4b4919d4f952851b45aa0ac117018,143c0deac2b49915503dd16a9f5462ba,20260203,PENDING,24B,13057.27,1
B1024,P1510,AI115,71ffb94c38439501b7cb7532b20299ce,1d96baf00ff457518c392cdbc36d081e,20250621,PENDING,30F,4857.79,1
B1025,P1602,SJ049,671c750b52cf4817ef2aa56f2ace75b0,fe10005e6631d2c82bc640a5b707027e,20260318,PENDING,1B,36122.96,3
B1026,P1215,AI058,4c4c8887c010c37d7c415aee9e223b86,1d96baf00ff457518c392cdbc36d081e,20250627,CONFIRMED,32C,13204.36,2
B1027,P1972,UK036,cae609ae5d68de9a8792d0e2117d4ded,d813685481e1e769c9968895601aa06a,20250725,CONFIRMED,22A,7503.17,1
B1028,P1601,SJ239,4c4c8887c010c37d7c415aee9e223b86,fe10005e6631d2c82bc640a5b707027e,20250525,CANCELLED,26E,0.0,0
B1029,P1540,6F025,adc4b4919d4f952851b45aa0ac117018,143c0deac2b49915503dd16a9f5462ba,20250606,CANCELLED,19C,0.0,0
B1030,P1946,6F236,04f5fd88e0d3bf5692833a97649697b6,143c0deac2b49915503dd16a9f5462ba,20260318,CANCELLED,21E,0.0,0
B1031,P1816,AI060,96cabcf3c0a98d19c08ef1c8eeba1154,1d96baf00ff457518c392cdbc36d081e,20251116,CANCELLED,1E,7056.42,1
B1032,P1938,UK021,89b74decd3097ce93ec4cccfa8379efc,d813685481e1e769c9968895601aa06a,20250903,CANCELLED,18E,0.0,0
B1033,P1987,UK026,89b74decd3097ce93ec4cccfa8379efc,d813685481e1e769c9968895601aa06a,20250506,UNKNOWN,19A,17076.39,2
B1034,P1219,SJ179,96cabcf3c0a98d19c08ef1c8eeba1154,fe10005e6631d2c82bc640a5b707027e,20251231,CONFIRMED,22F,0.0,0
B1035,P1839,6F251,cf98c283c13881769b3b684c7653eba9,143c0deac2b49915503dd16a9f5462ba,20250821,PENDING,11D,0.0,0
B1036,P1726,SJ149,89b74decd3097ce93ec4cccfa8379efc,fe10005e6631d2c82bc640a5b707027e,20251124,PENDING,5B,5144.89,1
B1037,P1220,AI188,27d0f59c48e41aa01667e01a8c02ec7b,1d96baf00ff457518c392cdbc36d081e,20260320,PENDING,33E,0.0,0
B1038,P1388,SJ093,adc4b4919d4f952851b45aa0ac117018,fe10005e6631d2c82bc640a5b707027e,20260101,PENDING,12D,0.0,0
B1039,P1553,SJ205,8a783a606a385b3bfe750ffd23c30c03,fe10005e6631d2c82bc640a5b707027e,20250821,CONFIRMED,11E,24656.690000000002,3
B1040,P1646,6F099,b6e2cc2aaf99f21f5582a5d4b9ae2a9f,143c0deac2b49915503dd16a9f5462ba,20250808,CONFIRMED,26B,0.0,0
B1041,P1041,UK176,10db3418b17657f44f554b3a79b69f30,d813685481e1e769c9968895601aa06a,20250528,CONFIRMED,25C,23580.18,2
B1042,P1675,UK200,671c750b52cf4817ef2aa56f2ace75b0,d813685481e1e769c9968895601aa06a,20251202,CANCELLED,24F,14402.39,1
B1043,P1872,6F195,671c750b52cf4817ef2aa56f2ace75b0,143c0deac2b49915503dd16a9f5462ba,20251122,CANCELLED,8E,8291.6,1
B1044,P1282,6F174,96cabcf3c0a98d19c08ef1c8eeba1154,143c0deac2b49915503dd16a9f5462ba,20260412,PENDING,16C,1199.88,1
B1045,P1057,SJ214,127ab6733de551c1aea35612b818c8d5,fe10005e6631d2c82bc640a5b707027e,20260319,UNKNOWN,18C,6732.210000000001,2
B1046,P1813,UK059,89b74decd3097ce93ec4cccfa8379efc,d813685481e1e769c9968895601aa06a,20251014,CONFIRMED,2C,26282.309999999998,2
B1047,P1833,6F151,27d0f59c48e41aa01667e01a8c02ec7b,143c0deac2b49915503dd16a9f5462ba,20251229,PENDING,7C,0.0,0
B1048,P1536,SJ236,382e870b93a9172b725c021a093b911d,fe10005e6631d2c82bc640a5b707027e,20250919,PENDING,18C,0.0,0
B1049,P1072,SJ153,8ff2523fe27e0b381e5ec1a14e29a704,fe10005e6631d2c82bc640a5b707027e,20250728,INVALID,3C,0.0,0
B1050,P1884,AI220,04f5fd88e0d3bf5692833a97649697b6,1d96baf00ff457518c392cdbc36d081e,20260115,PENDING,7D,13350.33,1
B1051,P1922,6F028,8a783a606a385b3bfe750ffd23c30c03,143c0deac2b49915503dd16a9f5462ba,20250705,CANCELLED,16A,10875.08,1
B1052,P1128,UK209,71ffb94c38439501b7cb7532b20299ce,d813685481e1e769c9968895601aa06a,20251230,CANCELLED,33B,9827.3,1
B1053,P1598,UK216,a51d75f60b5853f2ce43d68ddc769a90,d813685481e1e769c9968895601aa06a,20260401,PENDING,28B,7702.52,2
B1054,P1841,AI132,adc4b4919d4f952851b45aa0ac117018,1d96baf00ff457518c392cdbc36d081e,20260411,CANCELLED,19C,0.0,0
B1055,P1425,6F012,27d0f59c48e41aa01667e01a8c02ec7b,143c0deac2b49915503dd16a9f5462ba,20251014,CANCELLED,13F,0.0,0
B1056,P1947,UK173,71ffb94c38439501b7cb7532b20299ce,d813685481e1e769c9968895601aa06a,20260324,CANCELLED,15B,3173.87,1
B1057,P1664,SJ047,c9d4324c50c5e70095cd3e0446bcbd2d,fe10005e6631d2c82bc640a5b707027e,20250820,CANCELLED,14F,12211.199999999999,2
B1058,P1693,SJ043,b6e2cc2aaf99f21f5582a5d4b9ae2a9f,fe10005e6631d2c82bc640a5b707027e,20251207,PENDING,8C,0.0,0
B1059,P1124,UK140,71ffb94c38439501b7cb7532b20299ce,d813685481e1e769c9968895601aa06a,20260103,CONFIRMED,23B,10839.07,1
B1060,P1066,6F086,a51d75f60b5853f2ce43d68ddc769a90,143c0deac2b49915503dd16a9f5462ba,20251230,CONFIRMED,11A,11681.98,1
B1061,P1005,6F114,127ab6733de551c1aea35612b818c8d5,143c0deac2b49915503dd16a9f5462ba,20260405,CANCELLED,19C,31579.800000000003,3
B1062,P1636,UK153,27d0f59c48e41aa01667e01a8c02ec7b,d813685481e1e769c9968895601aa06a,20250612,CANCELLED,15D,0.0,0
B1063,P1313,6F149,3994560a2c713f116680d065b7d4c478,143c0deac2b49915503dd16a9f5462ba,20250519,CANCELLED,9A,0.0,0
B1064,P1325,UK145,225fb0760ffcd1233b1e4a61a511e724,d813685481e1e769c9968895601aa06a,20250914,CONFIRMED,24E,14413.72,1
B1065,P1564,UK010,a51d75f60b5853f2ce43d68ddc769a90,d813685481e1e769c9968895601aa06a,20260306,CANCELLED,7B,0.0,0
B1066,P1577,SJ003,12a0c17677be948b58459ad87ee14879,fe10005e6631d2c82bc640a5b707027e,20251105,PENDING,1B,0.0,0
B1067,P1825,SJ160,71ffb94c38439501b7cb7532b20299ce,fe10005e6631d2c82bc640a5b707027e,20250723,PENDING,7F,17433.34,3
B1068,P1505,UK224,edec40d16277592f865f6f96d12c6237,d813685481e1e769c9968895601aa06a,20251122,PENDING,23A,5274.94,1
B1069,P1081,UK152,4c4c8887c010c37d7c415aee9e223b86,d813685481e1e769c9968895601aa06a,20250802,CONFIRMED,16E,14992.95,1
B1070,P1598,SJ034,382e870b93a9172b725c021a093b911d,fe10005e6631d2c82bc640a5b707027e,20250922,CANCELLED,15D,5631.13,1
B1071,P1001,UK215,04f5fd88e0d3bf5692833a97649697b6,d813685481e1e769c9968895601aa06a,20251221,CANCELLED,15F,0.0,0
B1072,P1203,UK089,225fb0760ffcd1233b1e4a61a511e724,d813685481e1e769c9968895601aa06a,20250810,CANCELLED,18F,0.0,0
B1073,P1661,6F180,71ffb94c38439501b7cb7532b20299ce,143c0deac2b49915503dd16a9f5462ba,20251204,CONFIRMED,16A,0.0,0
B1074,P1804,6F188,96cabcf3c0a98d19c08ef1c8eeba1154,143c0deac2b49915503dd16a9f5462ba,20250925,CONFIRMED,7A,0.0,0
B1075,P1403,UK131,04f5fd88e0d3bf5692833a97649697b6,d813685481e1e769c9968895601aa06a,20260103,CONFIRMED,2F,0.0,0
B1076,P1102,UK055,bc77046451bd9d63487f804a25d5b6fc,d813685481e1e769c9968895601aa06a,20250504,CONFIRMED,12B,8247.5,1
B1077,P1535,UK181,b6e2cc2aaf99f21f5582a5d4b9ae2a9f,d813685481e1e769c9968895601aa06a,20250503,PENDING,3A,11261.699999999999,2
B1078,P1367,6F077,671c750b52cf4817ef2aa56f2ace75b0,143c0deac2b49915503dd16a9f5462ba,20250921,CONFIRMED,1B,0.0,0
B1079,P1211,SJ085,9f16374b2c912e79e7314809f36c7172,fe10005e6631d2c82bc640a5b707027e,20250603,CONFIRMED,10D,0.0,0
B1080,P1576,SJ023,89b74decd3097ce93ec4cccfa8379efc,fe10005e6631d2c82bc640a5b707027e,20250605,CONFIRMED,22D,21169.42,2
B1081,P1960,SJ202,27d0f59c48e41aa01667e01a8c02ec7b,fe10005e6631d2c82bc640a5b707027e,20251113,CANCELLED,29C,0.0,0
B1082,P1208,SJ150,225fb0760ffcd1233b1e4a61a511e724,fe10005e6631d2c82bc640a5b707027e,20250909,CANCELLED,30A,0.0,0
B1083,P1762,SJ116,8a783a606a385b3bfe750ffd23c30c03,fe10005e6631d2c82bc640a5b707027e,20250512,CANCELLED,9A,6777.38,1
B1084,P1896,6F270,89b74decd3097ce93ec4cccfa8379efc,143c0deac2b49915503dd16a9f5462ba,20250614,PENDING,16E,0.0,0
B1085,P1116,UK150,8ff2523fe27e0b381e5ec1a14e29a704,d813685481e1e769c9968895601aa06a,20260324,PENDING,12A,11410.8,1
B1086,P1627,SJ237,4c4c8887c010c37d7c415aee9e223b86,fe10005e6631d2c82bc640a5b707027e,20260216,CONFIRMED,5D,4873.96,2
B1087,P1748,AI221,a51d75f60b5853f2ce43d68ddc769a90,1d96baf00ff457518c392cdbc36d081e,20250508,CANCELLED,2F,3191.92,2
B1088,P1477,SJ081,c43ed166a8fa9fe1e85762faa8bf124b,fe10005e6631d2c82bc640a5b707027e,20260325,PENDING,31A,7375.1,1
B1089,P1104,UK189,9f16374b2c912e79e7314809f36c7172,d813685481e1e769c9968895601aa06a,20250903,CANCELLED,25F,0.0,0
B1090,P1494,SJ068,adc4b4919d4f952851b45aa0ac117018,fe10005e6631d2c82bc640a5b707027e,20250516,PENDING,31C,0.0,0
B1091,P1770,6F043,225fb0760ffcd1233b1e4a61a511e724,143c0deac2b49915503dd16a9f5462ba,20250818,PENDING,25D,0.0,0
B1092,P1045,UK187,adc4b4919d4f952851b45aa0ac117018,d813685481e1e769c9968895601aa06a,20260318,CONFIRMED,16D,15898.93,3
B1093,P1822,UK074,04f5fd88e0d3bf5692833a97649697b6,d813685481e1e769c9968895601aa06a,20250511,CONFIRMED,25E,0.0,0
B1094,P1330,UK004,4c4c8887c010c37d7c415aee9e223b86,d813685481e1e769c9968895601aa06a,20260107,PENDING,24C,17560.29,2
B1095,P1215,6F194,4c4c8887c010c37d7c415aee9e223b86,143c0deac2b49915503dd16a9f5462ba,20250730,CONFIRMED,14B,0.0,0
B1096,P1981,UK068,9f16374b2c912e79e7314809f36c7172,d813685481e1e769c9968895601aa06a,20260103,PENDING,12B,18163.89,2
B1097,P1959,6F017,24879a2de7527581c3dbc2294134abe5,143c0deac2b49915503dd16a9f5462ba,20250826,UNKNOWN,34F,0.0,0
B1098,P1491,6F245,24879a2de7527581c3dbc2294134abe5,143c0deac2b49915503dd16a9f5462ba,20251015,UNKNOWN,13D,10455.66,1
B1099,P1812,6F254,71ffb94c38439501b7cb7532b20299ce,143c0deac2b49915503dd16a9f5462ba,20251207,CONFIRMED,26E,0.0,0
B1100,P1921,UK077,c9d4324c50c5e70095cd3e0446bcbd2d,d813685481e1e769c9968895601aa06a,20260305,CONFIRMED,16D,0.0,0
B1101,P1844,AI029,b6e2cc2aaf99f21f5582a5d4b9ae2a9f,1d96baf00ff457518c392cdbc36d081e,20250719,CONFIRMED,3D,2214.47,1
B1102,P1448,SJ196,96cabcf3c0a98d19c08ef1c8eeba1154,fe10005e6631d2c82bc640a5b707027e,20251006,INVALID,15F,24626.690000000002,2
B1103,P1535,AI242,3994560a2c713f116680d065b7d4c478,1d96baf00ff457518c392cdbc36d081e,20250808,CANCELLED,20D,14062.55,2
B1104,P1510,AI242,3994560a2c713f116680d065b7d4c478,1d96baf00ff457518c392cdbc36d081e,20250912,CANCELLED,16E,0.0,0
B1105,P1457,SJ044,8ff2523fe27e0b381e5ec1a14e29a704,fe10005e6631d2c82bc640a5b707027e,20250911,CONFIRMED,19F,14294.21,1
B1106,P1546,UK063,dd9b7f73506b86ec79aa343e64a2fb35,d813685481e1e769c9968895601aa06a,20250901,CONFIRMED,21F,0.0,0
B1107,P1535,AI056,317ae26badc5745d08250ee7a733dd0c,1d96baf00ff457518c392cdbc36d081e,20250519,CONFIRMED,30F,0.0,0
B1108,P1539,UK207,12a0c17677be948b58459ad87ee14879,d813685481e1e769c9968895601aa06a,20251011,CANCELLED,14B,0.0,0
B1109,P1483,UK166,89b74decd3097ce93ec4cccfa8379efc,d813685481e1e769c9968895601aa06a,20251203,CANCELLED,33D,13080.08,1
B1110,P1975,6F261,671c750b52cf4817ef2aa56f2ace75b0,143c0deac2b49915503dd16a9f5462ba,20251217,PENDING,12B,0.0,0
B1111,P1999,UK134,8a783a606a385b3bfe750ffd23c30c03,d813685481e1e769c9968895601aa06a,20251225,CANCELLED,34A,0.0,0
B1112,P1015,6F152,671c750b52cf4817ef2aa56f2ace75b0,143c0deac2b49915503dd16a9f5462ba,20251002,PENDING,27A,20662.78,2
B1113,P1570,SJ089,8a783a606a385b3bfe750ffd23c30c03,fe10005e6631d2c82bc640a5b707027e,20251123,CONFIRMED,5A,9457.62,1
B1114,P1976,6F123,96cabcf3c0a98d19c08ef1c8eeba1154,143c0deac2b49915503dd16a9f5462ba,20250926,CANCELLED,2E,8187.33,1
B1115,P1242,AI025,bc77046451bd9d63487f804a25d5b6fc,1d96baf00ff457518c392cdbc36d081e,20250823,CONFIRMED,10A,8185.02,1
B1116,P1949,6F030,04f5fd88e0d3bf5692833a97649697b6,143c0deac2b49915503dd16a9f5462ba,20251205,CONFIRMED,19B,9883.49,1
B1117,P1206,SJ222,04f5fd88e0d3bf5692833a97649697b6,fe10005e6631d2c82bc640a5b707027e,20250902,CONFIRMED,28F,24642.71,2
B1118,P1911,UK109,adc4b4919d4f952851b45aa0ac117018,d813685481e1e769c9968895601aa06a,20260403,CONFIRMED,34B,0.0,0
B1119,P1270,SJ117,71ffb94c38439501b7cb7532b20299ce,fe10005e6631d2c82bc640a5b707027e,20251125,CANCELLED,21F,22268.71,2
B1120,P1760,SJ142,24879a2de7527581c3dbc2294134abe5,fe10005e6631d2c82bc640a5b707027e,20250812,CONFIRMED,12D,2571.48,2
B1121,P1993,SJ142,24879a2de7527581c3dbc2294134abe5,fe10005e6631d2c82bc640a5b707027e,20250601,PENDING,17C,0.0,0
B1122,P1778,AI030,27d0f59c48e41aa01667e01a8c02ec7b,1d96baf00ff457518c392cdbc36d081e,20250502,CANCELLED,20B,0.0,0
B1123,P1704,6F097,adc4b4919d4f952851b45aa0ac117018,143c0deac2b49915503dd16a9f5462ba,20250923,CONFIRMED,8A,14525.48,2
B1124,P1846,6F129,8ff2523fe27e0b381e5ec1a14e29a704,143c0deac2b49915503dd16a9f5462ba,20250523,CANCELLED,5C,15753.68,2
B1125,P1729,6F181,127ab6733de551c1aea35612b818c8d5,143c0deac2b49915503dd16a9f5462ba,20260115,PENDING,27E,0.0,0
B1126,P1114,AI072,3994560a2c713f116680d065b7d4c478,1d96baf00ff457518c392cdbc36d081e,20251020,CONFIRMED,10E,0.0,0
B1127,P1579,SJ154,6ae5133ee42f35cd132a43580eeb7688,fe10005e6631d2c82bc640a5b707027e,20250629,PENDING,2E,0.0,0
B1128,P1298,AI031,317ae26badc5745d08250ee7a733dd0c,1d96baf00ff457518c392cdbc36d081e,20260408,CONFIRMED,10D,0.0,0
B1129,P1836,AI031,317ae26badc5745d08250ee7a733dd0c,1d96baf00ff457518c392cdbc36d081e,20250918,PENDING,26F,12008.51,1
B1130,P1482,6F158,edec40d16277592f865f6f96d12c6237,143c0deac2b49915503dd16a9f5462ba,20251226,CONFIRMED,34E,0.0,0
B1131,P1396,6F184,382e870b93a9172b725c021a093b911d,143c0deac2b49915503dd16a9f5462ba,20250616,CANCELLED,1C,3592.91,1
B1132,P1393,UK141,89b74decd3097ce93ec4cccfa8379efc,d813685481e1e769c9968895601aa06a,20250620,CONFIRMED,10D,4677.7,2
B1133,P1074,6F168,bc77046451bd9d63487f804a25d5b6fc,143c0deac2b49915503dd16a9f5462ba,20251229,CANCELLED,23D,14200.43,2
B1134,P1977,6F051,adc4b4919d4f952851b45aa0ac117018,143c0deac2b49915503dd16a9f5462ba,20250728,CONFIRMED,34C,0.0,0
B1135,P1481,6F047,b6e2cc2aaf99f21f5582a5d4b9ae2a9f,143c0deac2b49915503dd16a9f5462ba,20251202,CONFIRMED,20E,10501.09,1
B1136,P1102,UK156,71ffb94c38439501b7cb7532b20299ce,d813685481e1e769c9968895601aa06a,20251026,PENDING,28E,2857.01,1
B1137,P1296,AI094,cf98c283c13881769b3b684c7653eba9,1d96baf00ff457518c392cdbc36d081e,20250901,PENDING,13E,10092.76,2
B1138,P1177,AI038,89b74decd3097ce93ec4cccfa8379efc,1d96baf00ff457518c392cdbc36d081e,20250714,PENDING,6C,0.0,0
B1139,P1214,6F255,dd9b7f73506b86ec79aa343e64a2fb35,143c0deac2b49915503dd16a9f5462ba,20260119,CONFIRMED,29F,6016.05,1
B1140,P1966,SJ025,4c4c8887c010c37d7c415aee9e223b86,fe10005e6631d2c82bc640a5b707027e,20260123,CONFIRMED,29D,8447.38,1
B1141,P1314,SJ185,4c4c8887c010c37d7c415aee9e223b86,fe10005e6631d2c82bc640a5b707027e,20251028,CONFIRMED,9C,0.0,0
B1142,P1038,6F259,04f5fd88e0d3bf5692833a97649697b6,143c0deac2b49915503dd16a9f5462ba,20260121,CANCELLED,5C,4506.21,1
B1143,P1258,6F073,8ff2523fe27e0b381e5ec1a14e29a704,143c0deac2b49915503dd16a9f5462ba,20260407,CANCELLED,15A,6360.73,1
B1144,P1715,AI091,edec40d16277592f865f6f96d12c6237,1d96baf00ff457518c392cdbc36d081e,20250926,CONFIRMED,6D,0.0,0
B1145,P1006,6F191,b871fbfcad03d855bfddf41229297608,143c0deac2b49915503dd16a9f5462ba,20250823,PENDING,15D,0.0,0
B1146,P1048,UK228,317ae26badc5745d08250ee7a733dd0c,d813685481e1e769c9968895601aa06a,20250830,PENDING,25A,0.0,0
B1147,P1537,6F146,89b74decd3097ce93ec4cccfa8379efc,143c0deac2b49915503dd16a9f5462ba,20260325,PENDING,11E,0.0,0
B1148,P1160,6F068,6ae5133ee42f35cd132a43580eeb7688,143c0deac2b49915503dd16a9f5462ba,20251013,CONFIRMED,19A,0.0,0
B1149,P1868,SJ218,96cabcf3c0a98d19c08ef1c8eeba1154,fe10005e6631d2c82bc640a5b707027e,20260108,PENDING,30F,12393.75,2
B1150,P1175,UK083,96cabcf3c0a98d19c08ef1c8eeba1154,d813685481e1e769c9968895601aa06a,20250925,CONFIRMED,12A,12535.73,1
B1151,P1590,SJ007,4c4c8887c010c37d7c415aee9e223b86,fe10005e6631d2c82bc640a5b707027e,20260118,CANCELLED,29B,0.0,0
B1152,P1001,AI077,27d0f59c48e41aa01667e01a8c02ec7b,1d96baf00ff457518c392cdbc36d081e,20250814,PENDING,27A,0.0,0
B1153,P1894,UK017,6ae5133ee42f35cd132a43580eeb7688,d813685481e1e769c9968895601aa06a,20251220,CANCELLED,8D,5774.24,1
B1154,P1454,6F229,b6e2cc2aaf99f21f5582a5d4b9ae2a9f,143c0deac2b49915503dd16a9f5462ba,20260217,PENDING,24A,9979.51,1
B1155,P1927,6F074,c9d4324c50c5e70095cd3e0446bcbd2d,143c0deac2b49915503dd16a9f5462ba,20251008,CONFIRMED,6D,0.0,0
B1156,P1643,SJ088,edec40d16277592f865f6f96d12c6237,fe10005e6631d2c82bc640a5b707027e,20260325,CONFIRMED,5E,3413.47,1
B1157,P1275,SJ167,12a0c17677be948b58459ad87ee14879,fe10005e6631d2c82bc640a5b707027e,20250628,CONFIRMED,18B,7902.25,1
B1158,P1497,6F234,04f5fd88e0d3bf5692833a97649697b6,143c0deac2b49915503dd16a9f5462ba,20250720,CONFIRMED,22A,14265.47,1
B1159,P1628,UK071,96cabcf3c0a98d19c08ef1c8eeba1154,d813685481e1e769c9968895601aa06a,20251210,PENDING,22F,16962.75,2
B1160,P1675,AI178,cae609ae5d68de9a8792d0e2117d4ded,1d96baf00ff457518c392cdbc36d081e,20251121,CANCELLED,29A,5267.38,1
B1161,P1799,UK104,dd9b7f73506b86ec79aa343e64a2fb35,d813685481e1e769c9968895601aa06a,20251114,CONFIRMED,12A,24640.24,3
B1162,P1027,AI146,b871fbfcad03d855bfddf41229297608,1d96baf00ff457518c392cdbc36d081e,20250422,INVALID,32D,0.0,0
B1163,P1332,SJ235,04f5fd88e0d3bf5692833a97649697b6,fe10005e6631d2c82bc640a5b707027e,20251110,CANCELLED,13D,0.0,0
B1164,P1000,6F209,12a0c17677be948b58459ad87ee14879,143c0deac2b49915503dd16a9f5462ba,20250424,CONFIRMED,24A,2684.77,1
B1165,P1187,AI129,4c4c8887c010c37d7c415aee9e223b86,1d96baf00ff457518c392cdbc36d081e,20250820,CANCELLED,2F,43097.990000000005,4
B1166,P1055,SJ141,671c750b52cf4817ef2aa56f2ace75b0,fe10005e6631d2c82bc640a5b707027e,20260123,CONFIRMED,34D,5530.81,1
B1167,P1546,SJ018,4c4c8887c010c37d7c415aee9e223b86,fe10005e6631d2c82bc640a5b707027e,20260202,CANCELLED,9F,27299.79,3
B1168,P1111,UK120,bc77046451bd9d63487f804a25d5b6fc,d813685481e1e769c9968895601aa06a,20251014,CANCELLED,11C,5435.83,1
B1169,P1797,AI078,dd9b7f73506b86ec79aa343e64a2fb35,1d96baf00ff457518c392cdbc36d081e,20251115,CONFIRMED,11E,3795.6,1
B1170,P1309,AI079,cae609ae5d68de9a8792d0e2117d4ded,1d96baf00ff457518c392cdbc36d081e,20250914,PENDING,15E,0.0,0
B1171,P1035,UK087,89b74decd3097ce93ec4cccfa8379efc,d813685481e1e769c9968895601aa06a,20250919,CANCELLED,21A,23311.04,3
B1172,P1438,UK133,04f5fd88e0d3bf5692833a97649697b6,d813685481e1e769c9968895601aa06a,20260117,CONFIRMED,8F,25477.4,3
B1173,P1728,AI222,04f5fd88e0d3bf5692833a97649697b6,1d96baf00ff457518c392cdbc36d081e,20250601,CANCELLED,22E,0.0,0
B1174,P1591,6F049,bc77046451bd9d63487f804a25d5b6fc,143c0deac2b49915503dd16a9f5462ba,20260412,CANCELLED,19D,0.0,0
B1175,P1825,6F105,adc4b4919d4f952851b45aa0ac117018,143c0deac2b49915503dd16a9f5462ba,20260129,PENDING,27D,10654.9,1
B1176,P1594,SJ226,c9d4324c50c5e70095cd3e0446bcbd2d,fe10005e6631d2c82bc640a5b707027e,20250417,CANCELLED,7C,0.0,0
B1177,P1576,SJ227,4c4c8887c010c37d7c415aee9e223b86,fe10005e6631d2c82bc640a5b707027e,20250729,CANCELLED,34D,12412.89,1
B1178,P1324,6F034,04f5fd88e0d3bf5692833a97649697b6,143c0deac2b49915503dd16a9f5462ba,20260205,CONFIRMED,34E,0.0,0
B1179,P1639,SJ078,96cabcf3c0a98d19c08ef1c8eeba1154,fe10005e6631d2c82bc640a5b707027e,20251003,CONFIRMED,33D,10619.52,3
B1180,P1306,AI240,b6e2cc2aaf99f21f5582a5d4b9ae2a9f,1d96baf00ff457518c392cdbc36d081e,20260410,PENDING,22F,0.0,0
B1181,P1533,SJ002,dd9b7f73506b86ec79aa343e64a2fb35,fe10005e6631d2c82bc640a5b707027e,20260329,CANCELLED,12E,0.0,0
B1182,P1727,AI044,71ffb94c38439501b7cb7532b20299ce,1d96baf00ff457518c392cdbc36d081e,20250811,CANCELLED,3A,9005.88,1
B1183,P1618,UK076,12a0c17677be948b58459ad87ee14879,d813685481e1e769c9968895601aa06a,20250622,CANCELLED,8C,0.0,0
B1184,P1108,6F232,71ffb94c38439501b7cb7532b20299ce,143c0deac2b49915503dd16a9f5462ba,20250801,PENDING,28E,0.0,0
B1185,P1371,SJ228,4c4c8887c010c37d7c415aee9e223b86,fe10005e6631d2c82bc640a5b707027e,20250816,CANCELLED,25E,13080.31,1
B1186,P1356,SJ074,8ff2523fe27e0b381e5ec1a14e29a704,fe10005e6631d2c82bc640a5b707027e,20260404,CONFIRMED,1B,0.0,0
B1187,P1180,UK229,bc77046451bd9d63487f804a25d5b6fc,d813685481e1e769c9968895601aa06a,20250804,PENDING,7F,6625.76,1
B1188,P1355,AI208,adc4b4919d4f952851b45aa0ac117018,1d96baf00ff457518c392cdbc36d081e,20260404,CONFIRMED,6A,0.0,0
B1189,P1675,AI019,4c4c8887c010c37d7c415aee9e223b86,1d96baf00ff457518c392cdbc36d081e,20251123,CONFIRMED,14F,0.0,0
B1190,P1067,6F029,c43ed166a8fa9fe1e85762faa8bf124b,143c0deac2b49915503dd16a9f5462ba,20250523,PENDING,12B,0.0,0
B1191,P1291,6F018,cf98c283c13881769b3b684c7653eba9,143c0deac2b49915503dd16a9f5462ba,20250427,CONFIRMED,25B,0.0,0
B1192,P1691,AI059,671c750b52cf4817ef2aa56f2ace75b0,1d96baf00ff457518c392cdbc36d081e,20250623,CANCELLED,7D,0.0,0
B1193,P1180,AI159,10db3418b17657f44f554b3a79b69f30,1d96baf00ff457518c392cdbc36d081e,20250522,PENDING,13D,0.0,0
B1194,P1465,6F091,3994560a2c713f116680d065b7d4c478,143c0deac2b49915503dd16a9f5462ba,20250711,CONFIRMED,14F,0.0,0
B1195,P1433,6F084,27d0f59c48e41aa01667e01a8c02ec7b,143c0deac2b49915503dd16a9f5462ba,20250720,CANCELLED,10B,19224.28,2
B1196,P1463,UK170,c43ed166a8fa9fe1e85762faa8bf124b,d813685481e1e769c9968895601aa06a,20260115,CANCELLED,20C,0.0,0
B1197,P1680,UK212,89b74decd3097ce93ec4cccfa8379efc,d813685481e1e769c9968895601aa06a,20250519,CONFIRMED,2E,8876.86,1
B1198,P1913,SJ022,cf98c283c13881769b3b684c7653eba9,fe10005e6631d2c82bc640a5b707027e,20250616,INVALID,29A,1830.32,1
B1199,P1533,SJ075,71ffb94c38439501b7cb7532b20299ce,fe10005e6631d2c82bc640a5b707027e,20251213,PENDING,30E,13499.52,2
B1200,P1065,UK177,96cabcf3c0a98d19c08ef1c8eeba1154,d813685481e1e769c9968895601aa06a,20250917,CONFIRMED,16B,30813.57,3
B1201,P1020,UK206,71ffb94c38439501b7cb7532b20299ce,d813685481e1e769c9968895601aa06a,20260201,CANCELLED,3A,7338.75,1
B1202,P1611,UK079,cf98c283c13881769b3b684c7653eba9,d813685481e1e769c9968895601aa06a,20250429,CANCELLED,29C,1973.12,1
B1203,P1383,UK040,8a783a606a385b3bfe750ffd23c30c03,d813685481e1e769c9968895601aa06a,20250621,CONFIRMED,3B,12774.63,1
B1204,P1811,AI034,dd9b7f73506b86ec79aa343e64a2fb35,1d96baf00ff457518c392cdbc36d081e,20250725,CONFIRMED,30A,14106.07,1
B1205,P1614,UK034,cf98c283c13881769b3b684c7653eba9,d813685481e1e769c9968895601aa06a,20251018,CONFIRMED,23F,10452.65,1
B1206,P1558,AI088,b6e2cc2aaf99f21f5582a5d4b9ae2a9f,1d96baf00ff457518c392cdbc36d081e,20250702,CONFIRMED,13A,0.0,0
B1207,P1038,AI128,4c4c8887c010c37d7c415aee9e223b86,1d96baf00ff457518c392cdbc36d081e,20250611,PENDING,26A,10823.99,1
B1208,P1284,SJ052,71ffb94c38439501b7cb7532b20299ce,fe10005e6631d2c82bc640a5b707027e,20250722,INVALID,9A,22071.57,2
B1209,P1821,AI233,adc4b4919d4f952851b45aa0ac117018,1d96baf00ff457518c392cdbc36d081e,20251215,PENDING,3A,10307.2,1
B1210,P1601,AI012,4c4c8887c010c37d7c415aee9e223b86,1d96baf00ff457518c392cdbc36d081e,20260120,PENDING,3C,0.0,0
B1211,P1596,AI084,225fb0760ffcd1233b1e4a61a511e724,1d96baf00ff457518c392cdbc36d081e,20250707,CONFIRMED,34A,0.0,0
B1212,P1784,6F126,edec40d16277592f865f6f96d12c6237,143c0deac2b49915503dd16a9f5462ba,20250708,PENDING,34B,8421.62,1
B1213,P1335,SJ061,71ffb94c38439501b7cb7532b20299ce,fe10005e6631d2c82bc640a5b707027e,20250616,CONFIRMED,2E,0.0,0
B1214,P1187,UK194,24879a2de7527581c3dbc2294134abe5,d813685481e1e769c9968895601aa06a,20250814,UNKNOWN,23B,0.0,0
B1215,P1670,AI135,adc4b4919d4f952851b45aa0ac117018,1d96baf00ff457518c392cdbc36d081e,20250808,CANCELLED,28C,11951.15,2
B1216,P1242,6F238,04f5fd88e0d3bf5692833a97649697b6,143c0deac2b49915503dd16a9f5462ba,20251209,CONFIRMED,10A,19165.81,3
B1217,P1072,6F092,71ffb94c38439501b7cb7532b20299ce,143c0deac2b49915503dd16a9f5462ba,20260319,CANCELLED,32C,0.0,0
B1218,P1478,AI213,8a783a606a385b3bfe750ffd23c30c03,1d96baf00ff457518c392cdbc36d081e,20251113,PENDING,2D,0.0,0
B1219,P1973,UK193,bc77046451bd9d63487f804a25d5b6fc,d813685481e1e769c9968895601aa06a,20260215,CANCELLED,1B,0.0,0
B1220,P1560,6F178,4c4c8887c010c37d7c415aee9e223b86,143c0deac2b49915503dd16a9f5462ba,20260404,PENDING,29C,11075.72,1
B1221,P1100,AI158,671c750b52cf4817ef2aa56f2ace75b0,1d96baf00ff457518c392cdbc36d081e,20260306,CONFIRMED,19D,18797.11,2
B1222,P1513,UK208,8ff2523fe27e0b381e5ec1a14e29a704,d813685481e1e769c9968895601aa06a,20260330,PENDING,8A,0.0,0
B1223,P1755,6F056,127ab6733de551c1aea35612b818c8d5,143c0deac2b49915503dd16a9f5462ba,20260409,UNKNOWN,15A,1794.08,1
B1224,P1175,UK185,317ae26badc5745d08250ee7a733dd0c,d813685481e1e769c9968895601aa06a,20251026,CONFIRMED,1E,0.0,0
B1225,P1237,AI163,89b74decd3097ce93ec4cccfa8379efc,1d96baf00ff457518c392cdbc36d081e,20260113,PENDING,4D,3894.65,1
B1226,P1909,AI112,cf98c283c13881769b3b684c7653eba9,1d96baf00ff457518c392cdbc36d081e,20250823,CONFIRMED,15C,8968.11,1
B1227,P1058,AI227,9f16374b2c912e79e7314809f36c7172,1d96baf00ff457518c392cdbc36d081e,20251023,CANCELLED,12A,0.0,0
B1228,P1864,SJ083,71ffb94c38439501b7cb7532b20299ce,fe10005e6631d2c82bc640a5b707027e,20260417,CONFIRMED,29D,11716.58,2
B1229,P1098,UK073,3994560a2c713f116680d065b7d4c478,d813685481e1e769c9968895601aa06a,20260207,CONFIRMED,13F,0.0,0
B1230,P1953,6F169,04f5fd88e0d3bf5692833a97649697b6,143c0deac2b49915503dd16a9f5462ba,20250429,PENDING,6C,4531.77,1
B1231,P1870,UK154,a51d75f60b5853f2ce43d68ddc769a90,d813685481e1e769c9968895601aa06a,20260406,CANCELLED,27D,11556.42,2
B1232,P1953,SJ169,127ab6733de551c1aea35612b818c8d5,fe10005e6631d2c82bc640a5b707027e,20251006,CONFIRMED,32F,0.0,0
B1233,P1494,6F187,127ab6733de551c1aea35612b818c8d5,143c0deac2b49915503dd16a9f5462ba,20250513,CANCELLED,5F,1617.29,1
B1234,P1946,UK210,8ff2523fe27e0b381e5ec1a14e29a704,d813685481e1e769c9968895601aa06a,20251121,CANCELLED,33A,7984.22,1
B1236,P1513,AI062,b6e2cc2aaf99f21f5582a5d4b9ae2a9f,1d96baf00ff457518c392cdbc36d081e,20250705,CONFIRMED,25A,0.0,0
B1237,P1754,AI047,edec40d16277592f865f6f96d12c6237,1d96baf00ff457518c392cdbc36d081e,20251116,UNKNOWN,15B,0.0,0
B1238,P1296,SJ186,671c750b52cf4817ef2aa56f2ace75b0,fe10005e6631d2c82bc640a5b707027e,20251020,UNKNOWN,8E,3231.46,1
B1239,P1210,AI217,cae609ae5d68de9a8792d0e2117d4ded,1d96baf00ff457518c392cdbc36d081e,20251117,CANCELLED,30A,8821.9,1
B1240,P1122,UK100,cae609ae5d68de9a8792d0e2117d4ded,d813685481e1e769c9968895601aa06a,20251231,CONFIRMED,17A,12241.53,1
B1241,P1228,UK116,24879a2de7527581c3dbc2294134abe5,d813685481e1e769c9968895601aa06a,20251216,CONFIRMED,10A,0.0,0
B1242,P1593,6F036,cae609ae5d68de9a8792d0e2117d4ded,143c0deac2b49915503dd16a9f5462ba,20251201,CANCELLED,26C,0.0,0
B1243,P1655,AI175,225fb0760ffcd1233b1e4a61a511e724,1d96baf00ff457518c392cdbc36d081e,20260122,CANCELLED,29E,0.0,0
B1244,P1387,UK051,bc77046451bd9d63487f804a25d5b6fc,d813685481e1e769c9968895601aa06a,20250818,CONFIRMED,27D,4953.56,1
B1245,P1139,6F201,24879a2de7527581c3dbc2294134abe5,143c0deac2b49915503dd16a9f5462ba,20260417,UNKNOWN,26A,3162.91,1
B1246,P1540,6F230,cae609ae5d68de9a8792d0e2117d4ded,143c0deac2b49915503dd16a9f5462ba,20260409,CONFIRMED,33B,11516.06,1
B1247,P1390,SJ138,adc4b4919d4f952851b45aa0ac117018,fe10005e6631d2c82bc640a5b707027e,20250813,CANCELLED,15F,7658.69,1
B1248,P1269,AI246,c43ed166a8fa9fe1e85762faa8bf124b,1d96baf00ff457518c392cdbc36d081e,20260304,PENDING,16B,0.0,0
B1249,P1758,6F179,89b74decd3097ce93ec4cccfa8379efc,143c0deac2b49915503dd16a9f5462ba,20250606,CANCELLED,26B,5024.44,2
B1250,P1011,6F031,c43ed166a8fa9fe1e85762faa8bf124b,143c0deac2b49915503dd16a9f5462ba,20260128,CANCELLED,16F,6497.92,1
B1251,P1866,UK015,adc4b4919d4f952851b45aa0ac117018,d813685481e1e769c9968895601aa06a,20250830,PENDING,29A,6952.65,1
B1252,P1388,UK001,671c750b52cf4817ef2aa56f2ace75b0,d813685481e1e769c9968895601aa06a,20250421,CANCELLED,27C,1480.08,1
B1253,P1336,6F133,71ffb94c38439501b7cb7532b20299ce,143c0deac2b49915503dd16a9f5462ba,20260227,CANCELLED,15E,16182.17,2
B1254,P1505,6F143,671c750b52cf4817ef2aa56f2ace75b0,143c0deac2b49915503dd16a9f5462ba,20250722,CANCELLED,5D,0.0,0
B1255,P1105,UK165,cf98c283c13881769b3b684c7653eba9,d813685481e1e769c9968895601aa06a,20250922,CANCELLED,23F,1412.67,1
B1256,P1031,6F083,b871fbfcad03d855bfddf41229297608,143c0deac2b49915503dd16a9f5462ba,20250810,CANCELLED,22B,2040.64,1
B1257,P1073,AI082,8ff2523fe27e0b381e5ec1a14e29a704,1d96baf00ff457518c392cdbc36d081e,20250819,CANCELLED,11C,13028.65,1
B1258,P1170,AI164,cf98c283c13881769b3b684c7653eba9,1d96baf00ff457518c392cdbc36d081e,20251028,CANCELLED,21F,0.0,0
B1259,P1848,SJ155,8ff2523fe27e0b381e5ec1a14e29a704,fe10005e6631d2c82bc640a5b707027e,20260119,CANCELLED,31F,12805.67,1
B1260,P1068,AI189,671c750b52cf4817ef2aa56f2ace75b0,1d96baf00ff457518c392cdbc36d081e,20260104,CANCELLED,1D,16293.859999999999,3
B1261,P1812,SJ057,4c4c8887c010c37d7c415aee9e223b86,fe10005e6631d2c82bc640a5b707027e,20251221,CONFIRMED,34A,0.0,0
B1262,P1361,SJ198,24879a2de7527581c3dbc2294134abe5,fe10005e6631d2c82bc640a5b707027e,20250507,CONFIRMED,16F,10619.2,2
B1263,P1648,6F122,cf98c283c13881769b3b684c7653eba9,143c0deac2b49915503dd16a9f5462ba,20260103,CANCELLED,6C,12480.9,2
B1264,P1432,SJ097,4c4c8887c010c37d7c415aee9e223b86,fe10005e6631d2c82bc640a5b707027e,20260415,CONFIRMED,12A,8599.61,2
B1265,P1928,UK203,6ae5133ee42f35cd132a43580eeb7688,d813685481e1e769c9968895601aa06a,20250806,PENDING,28F,0.0,0
B1266,P1995,UK093,8a783a606a385b3bfe750ffd23c30c03,d813685481e1e769c9968895601aa06a,20260116,CONFIRMED,27F,14431.32,1
B1267,P1099,AI205,adc4b4919d4f952851b45aa0ac117018,1d96baf00ff457518c392cdbc36d081e,20250521,CANCELLED,32A,16308.98,2
B1268,P1657,AI102,cae609ae5d68de9a8792d0e2117d4ded,1d96baf00ff457518c392cdbc36d081e,20260116,INVALID,12A,13289.27,1
B1269,P1008,6F046,cf98c283c13881769b3b684c7653eba9,143c0deac2b49915503dd16a9f5462ba,20250906,CONFIRMED,4C,21299.7,2
B1270,P1573,SJ017,317ae26badc5745d08250ee7a733dd0c,fe10005e6631d2c82bc640a5b707027e,20250602,UNKNOWN,22E,0.0,0
B1271,P1696,6F156,382e870b93a9172b725c021a093b911d,143c0deac2b49915503dd16a9f5462ba,20251020,PENDING,28B,12211.33,1
B1272,P1028,AI068,c43ed166a8fa9fe1e85762faa8bf124b,1d96baf00ff457518c392cdbc36d081e,20250718,PENDING,19A,30432.86,3
B1273,P1892,AI150,04f5fd88e0d3bf5692833a97649697b6,1d96baf00ff457518c392cdbc36d081e,20250605,UNKNOWN,28B,9142.12,2
B1274,P1113,UK008,cae609ae5d68de9a8792d0e2117d4ded,d813685481e1e769c9968895601aa06a,20251015,PENDING,20D,8582.34,1
B1275,P1461,6F166,4c4c8887c010c37d7c415aee9e223b86,143c0deac2b49915503dd16a9f5462ba,20250711,PENDING,18F,0.0,0
B1276,P1920,6F177,89b74decd3097ce93ec4cccfa8379efc,143c0deac2b49915503dd16a9f5462ba,20250715,CONFIRMED,1A,9396.07,1
B1277,P1142,AI196,a51d75f60b5853f2ce43d68ddc769a90,1d96baf00ff457518c392cdbc36d081e,20260119,PENDING,12E,0.0,0
B1278,P1389,SJ191,adc4b4919d4f952851b45aa0ac117018,fe10005e6631d2c82bc640a5b707027e,20250809,CONFIRMED,5B,0.0,0
B1279,P1631,6F019,adc4b4919d4f952851b45aa0ac117018,143c0deac2b49915503dd16a9f5462ba,20250510,UNKNOWN,28C,5467.05,1
B1280,P1681,AI226,6ae5133ee42f35cd132a43580eeb7688,1d96baf00ff457518c392cdbc36d081e,20260412,CONFIRMED,33B,0.0,0
B1281,P1156,SJ207,8ff2523fe27e0b381e5ec1a14e29a704,fe10005e6631d2c82bc640a5b707027e,20260121,CANCELLED,4A,4413.8,1
B1282,P1334,AI009,8ff2523fe27e0b381e5ec1a14e29a704,1d96baf00ff457518c392cdbc36d081e,20251230,CANCELLED,8B,0.0,0
B1283,P1860,AI103,adc4b4919d4f952851b45aa0ac117018,1d96baf00ff457518c392cdbc36d081e,20250508,INVALID,29D,8606.06,2
B1284,P1259,SJ127,04f5fd88e0d3bf5692833a97649697b6,fe10005e6631d2c82bc640a5b707027e,20260222,CANCELLED,25F,12706.73,2
B1285,P1081,UK188,71ffb94c38439501b7cb7532b20299ce,d813685481e1e769c9968895601aa06a,20260326,CANCELLED,25B,1207.32,1
B1286,P1753,6F010,cf98c283c13881769b3b684c7653eba9,143c0deac2b49915503dd16a9f5462ba,20250925,INVALID,33B,0.0,0
B1287,P1440,SJ098,89b74decd3097ce93ec4cccfa8379efc,fe10005e6631d2c82bc640a5b707027e,20251213,CANCELLED,5F,22303.69,2
B1288,P1944,6F058,4c4c8887c010c37d7c415aee9e223b86,143c0deac2b49915503dd16a9f5462ba,20251211,PENDING,18C,9254.89,2
B1289,P1171,SJ030,96cabcf3c0a98d19c08ef1c8eeba1154,fe10005e6631d2c82bc640a5b707027e,20260323,PENDING,24F,12016.99,1
B1290,P1230,UK175,adc4b4919d4f952851b45aa0ac117018,d813685481e1e769c9968895601aa06a,20250726,CANCELLED,16F,13471.57,1
B1291,P1719,SJ108,6ae5133ee42f35cd132a43580eeb7688,fe10005e6631d2c82bc640a5b707027e,20260401,PENDING,28E,4129.39,1
B1292,P1074,6F075,4c4c8887c010c37d7c415aee9e223b86,143c0deac2b49915503dd16a9f5462ba,20250803,CONFIRMED,7C,22109.52,2
B1293,P1269,UK222,4c4c8887c010c37d7c415aee9e223b86,d813685481e1e769c9968895601aa06a,20250831,CONFIRMED,25F,6227.3,1
B1295,P1625,AI096,671c750b52cf4817ef2aa56f2ace75b0,1d96baf00ff457518c392cdbc36d081e,20251229,CANCELLED,14B,0.0,0
B1296,P1061,AI216,4c4c8887c010c37d7c415aee9e223b86,1d96baf00ff457518c392cdbc36d081e,20251223,CANCELLED,1B,0.0,0
B1297,P1873,6F193,127ab6733de551c1aea35612b818c8d5,143c0deac2b49915503dd16a9f5462ba,20260123,PENDING,8A,0.0,0
B1298,P1319,SJ194,671c750b52cf4817ef2aa56f2ace75b0,fe10005e6631d2c82bc640a5b707027e,20260102,PENDING,6C,0.0,0
B1299,P1101,SJ020,adc4b4919d4f952851b45aa0ac117018,fe10005e6631d2c82bc640a5b707027e,20250911,CONFIRMED,16F,8842.93,1
B1300,P1428,6F070,bc77046451bd9d63487f804a25d5b6fc,143c0deac2b49915503dd16a9f5462ba,20250614,PENDING,21C,0.0,0
B1301,P1873,AI051,71ffb94c38439501b7cb7532b20299ce,1d96baf00ff457518c392cdbc36d081e,20250903,CONFIRMED,12A,14671.03,1
B1302,P1721,UK219,225fb0760ffcd1233b1e4a61a511e724,d813685481e1e769c9968895601aa06a,20251227,PENDING,3D,24221.91,3
B1303,P1953,AI235,6ae5133ee42f35cd132a43580eeb7688,1d96baf00ff457518c392cdbc36d081e,20251213,CONFIRMED,20A,19672.949999999997,2
B1304,P1254,6F022,71ffb94c38439501b7cb7532b20299ce,143c0deac2b49915503dd16a9f5462ba,20251213,INVALID,18E,0.0,0
B1305,P1531,SJ114,bc77046451bd9d63487f804a25d5b6fc,fe10005e6631d2c82bc640a5b707027e,20250928,PENDING,13C,13844.39,1
B1306,P1569,SJ076,317ae26badc5745d08250ee7a733dd0c,fe10005e6631d2c82bc640a5b707027e,20251201,CONFIRMED,30A,9753.04,1
B1307,P1111,UK227,225fb0760ffcd1233b1e4a61a511e724,d813685481e1e769c9968895601aa06a,20260126,PENDING,32E,26271.33,2
B1308,P1984,UK135,bc77046451bd9d63487f804a25d5b6fc,d813685481e1e769c9968895601aa06a,20250722,CANCELLED,30D,21710.67,2
B1309,P1312,AI234,127ab6733de551c1aea35612b818c8d5,1d96baf00ff457518c392cdbc36d081e,20250506,CONFIRMED,30F,0.0,0
B1310,P1997,6F113,4c4c8887c010c37d7c415aee9e223b86,143c0deac2b49915503dd16a9f5462ba,20250820,PENDING,5D,7370.22,1
B1311,P1460,SJ206,8ff2523fe27e0b381e5ec1a14e29a704,fe10005e6631d2c82bc640a5b707027e,20251116,PENDING,9D,0.0,0
B1312,P1707,AI015,3994560a2c713f116680d065b7d4c478,1d96baf00ff457518c392cdbc36d081e,20260329,UNKNOWN,6E,0.0,0
B1313,P1886,6F260,671c750b52cf4817ef2aa56f2ace75b0,143c0deac2b49915503dd16a9f5462ba,20250516,CANCELLED,33E,0.0,0
B1314,P1461,AI061,4c4c8887c010c37d7c415aee9e223b86,1d96baf00ff457518c392cdbc36d081e,20250428,CONFIRMED,19C,7529.51,1
B1315,P1864,6F237,89b74decd3097ce93ec4cccfa8379efc,143c0deac2b49915503dd16a9f5462ba,20260326,PENDING,9C,0.0,0
B1316,P1091,SJ099,71ffb94c38439501b7cb7532b20299ce,fe10005e6631d2c82bc640a5b707027e,20260106,PENDING,27C,11302.63,1
B1317,P1051,SJ146,10db3418b17657f44f554b3a79b69f30,fe10005e6631d2c82bc640a5b707027e,20260224,CANCELLED,21F,33282.71,3
B1318,P1804,SJ146,10db3418b17657f44f554b3a79b69f30,fe10005e6631d2c82bc640a5b707027e,20250523,CANCELLED,29B,4594.77,1
B1319,P1519,6F071,8ff2523fe27e0b381e5ec1a14e29a704,143c0deac2b49915503dd16a9f5462ba,20250504,CONFIRMED,4C,5359.26,1
B1320,P1811,6F272,89b74decd3097ce93ec4cccfa8379efc,143c0deac2b49915503dd16a9f5462ba,20250813,PENDING,6C,22159.09,2
B1321,P1097,SJ029,bc77046451bd9d63487f804a25d5b6fc,fe10005e6631d2c82bc640a5b707027e,20260212,PENDING,13A,0.0,0
B1322,P1235,UK084,b6e2cc2aaf99f21f5582a5d4b9ae2a9f,d813685481e1e769c9968895601aa06a,20250727,CONFIRMED,6E,0.0,0
B1323,P1900,SJ048,71ffb94c38439501b7cb7532b20299ce,fe10005e6631d2c82bc640a5b707027e,20260206,CONFIRMED,14D,0.0,0
B1324,P1373,AI108,3994560a2c713f116680d065b7d4c478,1d96baf00ff457518c392cdbc36d081e,20260204,CANCELLED,33B,7543.0,1
B1325,P1580,SJ134,4c4c8887c010c37d7c415aee9e223b86,fe10005e6631d2c82bc640a5b707027e,20250811,CANCELLED,3B,4503.45,1
B1326,P1926,UK146,127ab6733de551c1aea35612b818c8d5,d813685481e1e769c9968895601aa06a,20251031,CONFIRMED,14F,0.0,0
B1327,P1556,SJ036,96cabcf3c0a98d19c08ef1c8eeba1154,fe10005e6631d2c82bc640a5b707027e,20250924,CONFIRMED,26C,13822.99,1
B1328,P1648,6F202,10db3418b17657f44f554b3a79b69f30,143c0deac2b49915503dd16a9f5462ba,20251101,PENDING,33B,0.0,0
B1329,P1233,UK041,89b74decd3097ce93ec4cccfa8379efc,d813685481e1e769c9968895601aa06a,20260213,CONFIRMED,22C,6401.38,1
B1330,P1031,6F078,4c4c8887c010c37d7c415aee9e223b86,143c0deac2b49915503dd16a9f5462ba,20251206,CONFIRMED,23A,0.0,0
B1331,P1288,AI097,89b74decd3097ce93ec4cccfa8379efc,1d96baf00ff457518c392cdbc36d081e,20250703,PENDING,22C,7131.5,1
B1332,P1637,UK159,cae609ae5d68de9a8792d0e2117d4ded,d813685481e1e769c9968895601aa06a,20260115,CONFIRMED,7D,4183.32,1
B1333,P1578,UK044,adc4b4919d4f952851b45aa0ac117018,d813685481e1e769c9968895601aa06a,20250906,CANCELLED,12B,4610.9,2
B1334,P1541,6F176,671c750b52cf4817ef2aa56f2ace75b0,143c0deac2b49915503dd16a9f5462ba,20250927,CANCELLED,6F,0.0,0
B1335,P1113,SJ221,a51d75f60b5853f2ce43d68ddc769a90,fe10005e6631d2c82bc640a5b707027e,20260211,PENDING,4A,0.0,0
B1336,P1203,6F112,bc77046451bd9d63487f804a25d5b6fc,143c0deac2b49915503dd16a9f5462ba,20250703,CONFIRMED,22A,0.0,0
B1337,P1028,6F246,bc77046451bd9d63487f804a25d5b6fc,143c0deac2b49915503dd16a9f5462ba,20251020,INVALID,4C,0.0,0
B1338,P1642,6F014,317ae26badc5745d08250ee7a733dd0c,143c0deac2b49915503dd16a9f5462ba,20260221,CANCELLED,14C,0.0,0
B1339,P1473,AI237,4c4c8887c010c37d7c415aee9e223b86,1d96baf00ff457518c392cdbc36d081e,20250917,CANCELLED,28A,0.0,0
B1340,P1696,6F003,c9d4324c50c5e70095cd3e0446bcbd2d,143c0deac2b49915503dd16a9f5462ba,20251214,CANCELLED,12E,0.0,0
B1341,P1252,6F249,c9d4324c50c5e70095cd3e0446bcbd2d,143c0deac2b49915503dd16a9f5462ba,20250704,CONFIRMED,5A,9263.24,1
B1342,P1797,UK149,b6e2cc2aaf99f21f5582a5d4b9ae2a9f,d813685481e1e769c9968895601aa06a,20250429,CONFIRMED,4A,19003.28,2
B1343,P1904,SJ163,96cabcf3c0a98d19c08ef1c8eeba1154,fe10005e6631d2c82bc640a5b707027e,20260308,CONFIRMED,9F,0.0,0
B1344,P1921,SJ243,b871fbfcad03d855bfddf41229297608,fe10005e6631d2c82bc640a5b707027e,20260328,CONFIRMED,1D,0.0,0
B1345,P1385,UK113,671c750b52cf4817ef2aa56f2ace75b0,d813685481e1e769c9968895601aa06a,20250606,CANCELLED,1A,0.0,0
B1346,P1061,AI071,127ab6733de551c1aea35612b818c8d5,1d96baf00ff457518c392cdbc36d081e,20250607,PENDING,30E,0.0,0
B1347,P1514,6F271,89b74decd3097ce93ec4cccfa8379efc,143c0deac2b49915503dd16a9f5462ba,20260207,PENDING,22A,12000.54,1
B1348,P1429,SJ015,4c4c8887c010c37d7c415aee9e223b86,fe10005e6631d2c82bc640a5b707027e,20250605,CANCELLED,27E,0.0,0
B1349,P1579,UK047,6ae5133ee42f35cd132a43580eeb7688,d813685481e1e769c9968895601aa06a,20251119,CANCELLED,9E,11101.75,1
B1350,P1536,UK020,71ffb94c38439501b7cb7532b20299ce,d813685481e1e769c9968895601aa06a,20260204,PENDING,12A,30051.37,3
B1351,P1690,AI122,4c4c8887c010c37d7c415aee9e223b86,1d96baf00ff457518c392cdbc36d081e,20250903,PENDING,27F,14687.44,1
B1352,P1140,UK223,671c750b52cf4817ef2aa56f2ace75b0,d813685481e1e769c9968895601aa06a,20251020,CANCELLED,17D,12219.85,2
B1353,P1742,6F148,24879a2de7527581c3dbc2294134abe5,143c0deac2b49915503dd16a9f5462ba,20250919,CANCELLED,15F,0.0,0
B1354,P1299,SJ162,96cabcf3c0a98d19c08ef1c8eeba1154,fe10005e6631d2c82bc640a5b707027e,20251214,CONFIRMED,34A,10023.88,1
B1355,P1674,6F127,c9d4324c50c5e70095cd3e0446bcbd2d,143c0deac2b49915503dd16a9f5462ba,20260330,CONFIRMED,28B,14298.510000000002,2
B1356,P1310,AI173,bc77046451bd9d63487f804a25d5b6fc,1d96baf00ff457518c392cdbc36d081e,20251110,PENDING,11F,0.0,0
B1357,P1470,6F065,71ffb94c38439501b7cb7532b20299ce,143c0deac2b49915503dd16a9f5462ba,20260205,UNKNOWN,14A,6983.72,1
B1358,P1392,AI053,671c750b52cf4817ef2aa56f2ace75b0,1d96baf00ff457518c392cdbc36d081e,20250622,PENDING,20A,0.0,0
B1359,P1641,AI241,10db3418b17657f44f554b3a79b69f30,1d96baf00ff457518c392cdbc36d081e,20251022,CONFIRMED,14E,21566.809999999998,3
B1360,P1444,AI105,671c750b52cf4817ef2aa56f2ace75b0,1d96baf00ff457518c392cdbc36d081e,20250615,UNKNOWN,18D,0.0,0
B1361,P1757,AI110,4c4c8887c010c37d7c415aee9e223b86,1d96baf00ff457518c392cdbc36d081e,20250824,PENDING,13F,5339.72,1
B1362,P1808,AI252,bc77046451bd9d63487f804a25d5b6fc,1d96baf00ff457518c392cdbc36d081e,20251022,CONFIRMED,15B,0.0,0
B1363,P1171,AI149,225fb0760ffcd1233b1e4a61a511e724,1d96baf00ff457518c392cdbc36d081e,20251214,CANCELLED,3B,8554.62,1
B1364,P1575,AI224,96cabcf3c0a98d19c08ef1c8eeba1154,1d96baf00ff457518c392cdbc36d081e,20250909,PENDING,23F,14123.66,3
B1365,P1030,UK158,127ab6733de551c1aea35612b818c8d5,d813685481e1e769c9968895601aa06a,20250703,CANCELLED,15B,0.0,0
B1366,P1046,6F125,4c4c8887c010c37d7c415aee9e223b86,143c0deac2b49915503dd16a9f5462ba,20250505,CANCELLED,25E,0.0,0
B1367,P1129,UK164,225fb0760ffcd1233b1e4a61a511e724,d813685481e1e769c9968895601aa06a,20251214,CONFIRMED,18A,2379.52,1
B1368,P1351,UK007,96cabcf3c0a98d19c08ef1c8eeba1154,d813685481e1e769c9968895601aa06a,20251226,CANCELLED,1E,21921.94,3
B1369,P1977,6F118,27d0f59c48e41aa01667e01a8c02ec7b,143c0deac2b49915503dd16a9f5462ba,20260318,PENDING,15F,18103.68,2
B1370,P1844,SJ004,b6e2cc2aaf99f21f5582a5d4b9ae2a9f,fe10005e6631d2c82bc640a5b707027e,20260101,CANCELLED,19C,16512.64,2
B1371,P1621,6F206,dd9b7f73506b86ec79aa343e64a2fb35,143c0deac2b49915503dd16a9f5462ba,20250925,CANCELLED,15E,0.0,0
B1372,P1580,SJ130,04f5fd88e0d3bf5692833a97649697b6,fe10005e6631d2c82bc640a5b707027e,20250511,CANCELLED,11D,10597.220000000001,2
B1373,P1057,SJ070,12a0c17677be948b58459ad87ee14879,fe10005e6631d2c82bc640a5b707027e,20260214,CANCELLED,22F,6540.32,1
B1374,P1105,AI085,96cabcf3c0a98d19c08ef1c8eeba1154,1d96baf00ff457518c392cdbc36d081e,20250424,CANCELLED,7F,0.0,0
B1375,P1811,SJ109,04f5fd88e0d3bf5692833a97649697b6,fe10005e6631d2c82bc640a5b707027e,20250902,CONFIRMED,15B,19214.79,2
B1376,P1329,AI168,8ff2523fe27e0b381e5ec1a14e29a704,1d96baf00ff457518c392cdbc36d081e,20250824,PENDING,16B,19918.21,2
B1377,P1767,UK123,04f5fd88e0d3bf5692833a97649697b6,d813685481e1e769c9968895601aa06a,20251024,CONFIRMED,26A,0.0,0
B1378,P1823,UK110,bc77046451bd9d63487f804a25d5b6fc,d813685481e1e769c9968895601aa06a,20260116,PENDING,30D,14416.01,2
B1379,P1682,AI206,edec40d16277592f865f6f96d12c6237,1d96baf00ff457518c392cdbc36d081e,20251102,PENDING,31C,0.0,0
B1380,P1382,6F007,89b74decd3097ce93ec4cccfa8379efc,143c0deac2b49915503dd16a9f5462ba,20260416,PENDING,6B,14705.02,1
B1381,P1984,SJ013,317ae26badc5745d08250ee7a733dd0c,fe10005e6631d2c82bc640a5b707027e,20251111,PENDING,33A,7452.89,1
B1382,P1161,UK061,adc4b4919d4f952851b45aa0ac117018,d813685481e1e769c9968895601aa06a,20250919,PENDING,20D,14862.46,1
B1383,P1996,AI010,225fb0760ffcd1233b1e4a61a511e724,1d96baf00ff457518c392cdbc36d081e,20250924,CANCELLED,8C,0.0,0
B1384,P1285,AI024,382e870b93a9172b725c021a093b911d,1d96baf00ff457518c392cdbc36d081e,20250516,CONFIRMED,11D,5107.55,1
B1385,P1070,UK130,71ffb94c38439501b7cb7532b20299ce,d813685481e1e769c9968895601aa06a,20250608,CONFIRMED,30B,0.0,0
B1386,P1766,AI161,24879a2de7527581c3dbc2294134abe5,1d96baf00ff457518c392cdbc36d081e,20260312,CANCELLED,10A,0.0,0
B1387,P1453,SJ208,96cabcf3c0a98d19c08ef1c8eeba1154,fe10005e6631d2c82bc640a5b707027e,20250723,PENDING,24F,0.0,0
B1388,P1885,6F038,89b74decd3097ce93ec4cccfa8379efc,143c0deac2b49915503dd16a9f5462ba,20250923,INVALID,8D,22550.010000000002,2
B1389,P1566,6F085,89b74decd3097ce93ec4cccfa8379efc,143c0deac2b49915503dd16a9f5462ba,20260222,UNKNOWN,30D,0.0,0
B1390,P1834,SJ028,24879a2de7527581c3dbc2294134abe5,fe10005e6631d2c82bc640a5b707027e,20260309,CANCELLED,8C,0.0,0
B1391,P1396,SJ084,89b74decd3097ce93ec4cccfa8379efc,fe10005e6631d2c82bc640a5b707027e,20251126,CONFIRMED,21F,35468.95,3
B1392,P1514,AI139,89b74decd3097ce93ec4cccfa8379efc,1d96baf00ff457518c392cdbc36d081e,20260327,CONFIRMED,21D,0.0,0
B1393,P1025,UK179,96cabcf3c0a98d19c08ef1c8eeba1154,d813685481e1e769c9968895601aa06a,20260406,PENDING,26E,5252.26,1
B1394,P1312,6F256,4c4c8887c010c37d7c415aee9e223b86,143c0deac2b49915503dd16a9f5462ba,20250723,PENDING,23F,0.0,0
B1395,P1125,UK023,317ae26badc5745d08250ee7a733dd0c,d813685481e1e769c9968895601aa06a,20260210,INVALID,23B,10317.13,1
B1396,P1407,AI039,71ffb94c38439501b7cb7532b20299ce,1d96baf00ff457518c392cdbc36d081e,20250803,UNKNOWN,13E,16199.130000000001,2
B1397,P1564,UK190,cf98c283c13881769b3b684c7653eba9,d813685481e1e769c9968895601aa06a,20260205,CANCELLED,28D,3065.33,1
B1398,P1197,6F224,317ae26badc5745d08250ee7a733dd0c,143c0deac2b49915503dd16a9f5462ba,20260204,PENDING,3E,7148.95,1
B1399,P1810,UK221,671c750b52cf4817ef2aa56f2ace75b0,d813685481e1e769c9968895601aa06a,20250531,PENDING,7A,0.0,0
B1400,P1187,SJ107,127ab6733de551c1aea35612b818c8d5,fe10005e6631d2c82bc640a5b707027e,20260402,CANCELLED,12F,3063.78,1
B1401,P1697,UK155,a51d75f60b5853f2ce43d68ddc769a90,d813685481e1e769c9968895601aa06a,20250420,UNKNOWN,21D,20849.53,3
B1402,P1816,UK183,3994560a2c713f116680d065b7d4c478,d813685481e1e769c9968895601aa06a,20260321,CANCELLED,7E,16058.67,2
B1403,P1809,SJ203,96cabcf3c0a98d19c08ef1c8eeba1154,fe10005e6631d2c82bc640a5b707027e,20250508,PENDING,26A,0.0,0
B1404,P1715,6F253,71ffb94c38439501b7cb7532b20299ce,143c0deac2b49915503dd16a9f5462ba,20260307,INVALID,16A,7473.06,1
B1405,P1483,AI100,24879a2de7527581c3dbc2294134abe5,1d96baf00ff457518c392cdbc36d081e,20250826,PENDING,32F,0.0,0
B1406,P1449,6F140,27d0f59c48e41aa01667e01a8c02ec7b,143c0deac2b49915503dd16a9f5462ba,20250624,CONFIRMED,15D,21722.62,2
B1407,P1522,UK048,b6e2cc2aaf99f21f5582a5d4b9ae2a9f,d813685481e1e769c9968895601aa06a,20250826,CONFIRMED,25A,0.0,0
B1408,P1870,SJ204,671c750b52cf4817ef2aa56f2ace75b0,fe10005e6631d2c82bc640a5b707027e,20250729,CONFIRMED,12F,7805.42,2
B1409,P1353,UK105,27d0f59c48e41aa01667e01a8c02ec7b,d813685481e1e769c9968895601aa06a,20260324,CONFIRMED,28C,1095.0,1
B1410,P1985,AI098,89b74decd3097ce93ec4cccfa8379efc,1d96baf00ff457518c392cdbc36d081e,20260413,CONFIRMED,32C,0.0,0
B1411,P1657,6F013,4c4c8887c010c37d7c415aee9e223b86,143c0deac2b49915503dd16a9f5462ba,20251012,CANCELLED,1A,13409.029999999999,2
B1412,P1596,6F128,bc77046451bd9d63487f804a25d5b6fc,143c0deac2b49915503dd16a9f5462ba,20251118,CANCELLED,28E,10616.41,1
B1413,P1099,SJ038,b871fbfcad03d855bfddf41229297608,fe10005e6631d2c82bc640a5b707027e,20251005,UNKNOWN,14A,0.0,0
B1414,P1615,SJ182,24879a2de7527581c3dbc2294134abe5,fe10005e6631d2c82bc640a5b707027e,20260107,CONFIRMED,25F,6182.07,1
B1415,P1947,6F199,317ae26badc5745d08250ee7a733dd0c,143c0deac2b49915503dd16a9f5462ba,20260322,PENDING,23B,0.0,0
B1416,P1557,SJ187,71ffb94c38439501b7cb7532b20299ce,fe10005e6631d2c82bc640a5b707027e,20250817,CANCELLED,20B,0.0,0
B1417,P1555,AI182,bc77046451bd9d63487f804a25d5b6fc,1d96baf00ff457518c392cdbc36d081e,20250818,PENDING,8E,7252.05,2
B1418,P1277,SJ027,127ab6733de551c1aea35612b818c8d5,fe10005e6631d2c82bc640a5b707027e,20250504,PENDING,19D,12326.46,1
B1419,P1692,SJ062,6ae5133ee42f35cd132a43580eeb7688,fe10005e6631d2c82bc640a5b707027e,20260120,CONFIRMED,20E,4937.75,2
B1420,P1698,SJ161,71ffb94c38439501b7cb7532b20299ce,fe10005e6631d2c82bc640a5b707027e,20260224,CONFIRMED,27B,7161.79,1
B1421,P1989,UK058,382e870b93a9172b725c021a093b911d,d813685481e1e769c9968895601aa06a,20251003,UNKNOWN,23C,0.0,0
B1422,P1625,AI181,a51d75f60b5853f2ce43d68ddc769a90,1d96baf00ff457518c392cdbc36d081e,20260104,CANCELLED,12D,4826.6,1
B1423,P1490,AI003,6ae5133ee42f35cd132a43580eeb7688,1d96baf00ff457518c392cdbc36d081e,20250612,CONFIRMED,14A,0.0,0
B1424,P1254,6F150,89b74decd3097ce93ec4cccfa8379efc,143c0deac2b49915503dd16a9f5462ba,20251105,CANCELLED,11D,0.0,0
B1425,P1380,SJ175,71ffb94c38439501b7cb7532b20299ce,fe10005e6631d2c82bc640a5b707027e,20250628,CANCELLED,34E,0.0,0
B1426,P1891,6F041,382e870b93a9172b725c021a093b911d,143c0deac2b49915503dd16a9f5462ba,20251215,CANCELLED,17C,0.0,0
B1427,P1541,SJ040,4c4c8887c010c37d7c415aee9e223b86,fe10005e6631d2c82bc640a5b707027e,20260415,CANCELLED,16E,0.0,0
B1428,P1263,6F020,225fb0760ffcd1233b1e4a61a511e724,143c0deac2b49915503dd16a9f5462ba,20250617,CONFIRMED,27C,0.0,0
B1429,P1609,AI248,671c750b52cf4817ef2aa56f2ace75b0,1d96baf00ff457518c392cdbc36d081e,20250508,CANCELLED,27B,16937.88,2
B1430,P1824,SJ016,8a783a606a385b3bfe750ffd23c30c03,fe10005e6631d2c82bc640a5b707027e,20260208,CONFIRMED,11A,0.0,0
B1431,P1878,UK204,b871fbfcad03d855bfddf41229297608,d813685481e1e769c9968895601aa06a,20251121,CONFIRMED,31C,22261.949999999997,2
B1432,P1328,6F211,71ffb94c38439501b7cb7532b20299ce,143c0deac2b49915503dd16a9f5462ba,20250902,CANCELLED,9B,0.0,0
B1433,P1114,SJ166,27d0f59c48e41aa01667e01a8c02ec7b,fe10005e6631d2c82bc640a5b707027e,20250507,CONFIRMED,5B,15968.93,2
B1434,P1275,AI036,4c4c8887c010c37d7c415aee9e223b86,1d96baf00ff457518c392cdbc36d081e,20251019,PENDING,30C,5989.29,2
B1435,P1487,SJ215,671c750b52cf4817ef2aa56f2ace75b0,fe10005e6631d2c82bc640a5b707027e,20250918,CONFIRMED,1E,8589.93,1
B1436,P1280,AI076,adc4b4919d4f952851b45aa0ac117018,1d96baf00ff457518c392cdbc36d081e,20260105,CONFIRMED,20B,0.0,0
B1437,P1274,SJ012,10db3418b17657f44f554b3a79b69f30,fe10005e6631d2c82bc640a5b707027e,20251128,CANCELLED,24A,0.0,0
B1438,P1772,AI073,c43ed166a8fa9fe1e85762faa8bf124b,1d96baf00ff457518c392cdbc36d081e,20260401,UNKNOWN,20D,7670.85,1
B1439,P1842,SJ173,27d0f59c48e41aa01667e01a8c02ec7b,fe10005e6631d2c82bc640a5b707027e,20251109,CONFIRMED,27E,7292.76,1
B1440,P1718,AI193,a51d75f60b5853f2ce43d68ddc769a90,1d96baf00ff457518c392cdbc36d081e,20260309,CANCELLED,25E,0.0,0
B1441,P1895,SJ131,a51d75f60b5853f2ce43d68ddc769a90,fe10005e6631d2c82bc640a5b707027e,20250922,INVALID,13A,0.0,0
B1442,P1327,AI225,c43ed166a8fa9fe1e85762faa8bf124b,1d96baf00ff457518c392cdbc36d081e,20250602,PENDING,11E,11779.89,1
B1443,P1210,AI190,4c4c8887c010c37d7c415aee9e223b86,1d96baf00ff457518c392cdbc36d081e,20251009,CANCELLED,9E,0.0,0
B1444,P1726,SJ238,71ffb94c38439501b7cb7532b20299ce,fe10005e6631d2c82bc640a5b707027e,20251225,CONFIRMED,7B,0.0,0
B1445,P1922,6F005,127ab6733de551c1aea35612b818c8d5,143c0deac2b49915503dd16a9f5462ba,20251221,PENDING,5F,9862.4,1
B1446,P1551,UK136,8a783a606a385b3bfe750ffd23c30c03,d813685481e1e769c9968895601aa06a,20250925,PENDING,23C,7709.959999999999,2
B1447,P1991,SJ063,382e870b93a9172b725c021a093b911d,fe10005e6631d2c82bc640a5b707027e,20250521,CONFIRMED,15F,18438.66,2
B1448,P1025,6F175,12a0c17677be948b58459ad87ee14879,143c0deac2b49915503dd16a9f5462ba,20251121,CANCELLED,9E,0.0,0
B1449,P1026,AI037,c43ed166a8fa9fe1e85762faa8bf124b,1d96baf00ff457518c392cdbc36d081e,20250523,PENDING,19A,0.0,0
B1450,P1701,UK225,71ffb94c38439501b7cb7532b20299ce,d813685481e1e769c9968895601aa06a,20251111,CONFIRMED,21C,0.0,0
B1451,P1082,AI141,b871fbfcad03d855bfddf41229297608,1d96baf00ff457518c392cdbc36d081e,20250520,CONFIRMED,15E,10311.86,1
B1452,P1895,6F172,c43ed166a8fa9fe1e85762faa8bf124b,143c0deac2b49915503dd16a9f5462ba,20260126,PENDING,3E,0.0,0
B1453,P1945,6F219,b6e2cc2aaf99f21f5582a5d4b9ae2a9f,143c0deac2b49915503dd16a9f5462ba,20260207,CANCELLED,16F,5268.18,2
B1454,P1681,AI045,89b74decd3097ce93ec4cccfa8379efc,1d96baf00ff457518c392cdbc36d081e,20250816,PENDING,8E,0.0,0
B1455,P1412,AI198,edec40d16277592f865f6f96d12c6237,1d96baf00ff457518c392cdbc36d081e,20260412,CONFIRMED,30A,27634.5,2
B1456,P1166,AI120,12a0c17677be948b58459ad87ee14879,1d96baf00ff457518c392cdbc36d081e,20250424,PENDING,17F,0.0,0
B1457,P1699,6F134,9f16374b2c912e79e7314809f36c7172,143c0deac2b49915503dd16a9f5462ba,20250611,CANCELLED,32D,5769.17,1
B1458,P1168,UK102,8a783a606a385b3bfe750ffd23c30c03,d813685481e1e769c9968895601aa06a,20251119,CONFIRMED,10B,8073.17,1
B1459,P1800,SJ199,c9d4324c50c5e70095cd3e0446bcbd2d,fe10005e6631d2c82bc640a5b707027e,20250610,CANCELLED,1F,19085.7,3
B1460,P1978,6F235,89b74decd3097ce93ec4cccfa8379efc,143c0deac2b49915503dd16a9f5462ba,20251001,PENDING,32E,0.0,0
B1461,P1228,UK065,4c4c8887c010c37d7c415aee9e223b86,d813685481e1e769c9968895601aa06a,20251014,PENDING,33F,30261.46,3
B1462,P1978,6F135,a51d75f60b5853f2ce43d68ddc769a90,143c0deac2b49915503dd16a9f5462ba,20251203,CANCELLED,26D,6497.79,1
B1463,P1608,SJ148,cf98c283c13881769b3b684c7653eba9,fe10005e6631d2c82bc640a5b707027e,20260210,PENDING,31C,6844.58,2
B1464,P1366,AI083,dd9b7f73506b86ec79aa343e64a2fb35,1d96baf00ff457518c392cdbc36d081e,20260307,CANCELLED,6B,4535.96,1
B1465,P1527,UK024,71ffb94c38439501b7cb7532b20299ce,d813685481e1e769c9968895601aa06a,20250702,PENDING,5C,0.0,0
B1466,P1790,UK220,adc4b4919d4f952851b45aa0ac117018,d813685481e1e769c9968895601aa06a,20250427,CANCELLED,28B,0.0,0
B1467,P1646,UK115,adc4b4919d4f952851b45aa0ac117018,d813685481e1e769c9968895601aa06a,20250430,CANCELLED,25A,13307.54,1
B1468,P1537,AI255,12a0c17677be948b58459ad87ee14879,1d96baf00ff457518c392cdbc36d081e,20250716,CONFIRMED,14F,25336.54,2
B1469,P1863,6F001,c9d4324c50c5e70095cd3e0446bcbd2d,143c0deac2b49915503dd16a9f5462ba,20251225,CONFIRMED,11A,0.0,0
B1470,P1523,6F132,382e870b93a9172b725c021a093b911d,143c0deac2b49915503dd16a9f5462ba,20250527,CANCELLED,24E,0.0,0
B1471,P1071,UK184,a51d75f60b5853f2ce43d68ddc769a90,d813685481e1e769c9968895601aa06a,20260328,PENDING,8E,0.0,0
B1472,P1644,6F098,9f16374b2c912e79e7314809f36c7172,143c0deac2b49915503dd16a9f5462ba,20250606,PENDING,3D,0.0,0
B1473,P1105,SJ168,24879a2de7527581c3dbc2294134abe5,fe10005e6631d2c82bc640a5b707027e,20250719,PENDING,21F,0.0,0
B1474,P1731,SJ178,225fb0760ffcd1233b1e4a61a511e724,fe10005e6631d2c82bc640a5b707027e,20250728,CANCELLED,14C,32760.32,3
B1475,P1884,UK111,71ffb94c38439501b7cb7532b20299ce,d813685481e1e769c9968895601aa06a,20260307,CANCELLED,2C,21399.98,3
B1476,P1964,SJ051,c43ed166a8fa9fe1e85762faa8bf124b,fe10005e6631d2c82bc640a5b707027e,20260227,CANCELLED,32E,0.0,0
B1477,P1688,SJ193,671c750b52cf4817ef2aa56f2ace75b0,fe10005e6631d2c82bc640a5b707027e,20250706,CANCELLED,18E,17403.75,3
B1478,P1281,SJ039,382e870b93a9172b725c021a093b911d,fe10005e6631d2c82bc640a5b707027e,20260224,CONFIRMED,28D,2928.68,1
B1479,P1132,UK066,4c4c8887c010c37d7c415aee9e223b86,d813685481e1e769c9968895601aa06a,20251217,CANCELLED,22B,16478.5,2
B1480,P1533,SJ050,8a783a606a385b3bfe750ffd23c30c03,fe10005e6631d2c82bc640a5b707027e,20260314,PENDING,34B,3112.82,1
B1481,P1974,6F052,4c4c8887c010c37d7c415aee9e223b86,143c0deac2b49915503dd16a9f5462ba,20250611,CONFIRMED,4D,0.0,0
B1482,P1268,SJ170,adc4b4919d4f952851b45aa0ac117018,fe10005e6631d2c82bc640a5b707027e,20250829,PENDING,14E,17749.28,2
B1483,P1411,SJ119,4c4c8887c010c37d7c415aee9e223b86,fe10005e6631d2c82bc640a5b707027e,20250609,UNKNOWN,26B,10562.26,1
B1484,P1672,AI219,b871fbfcad03d855bfddf41229297608,1d96baf00ff457518c392cdbc36d081e,20250507,CONFIRMED,13B,0.0,0
B1485,P1618,6F220,c9d4324c50c5e70095cd3e0446bcbd2d,143c0deac2b49915503dd16a9f5462ba,20250705,CANCELLED,12D,0.0,0
B1486,P1790,AI207,127ab6733de551c1aea35612b818c8d5,1d96baf00ff457518c392cdbc36d081e,20250504,CONFIRMED,3D,20297.600000000002,3
B1487,P1864,6F024,04f5fd88e0d3bf5692833a97649697b6,143c0deac2b49915503dd16a9f5462ba,20260126,PENDING,5E,0.0,0
B1488,P1746,SJ073,cae609ae5d68de9a8792d0e2117d4ded,fe10005e6631d2c82bc640a5b707027e,20250504,CANCELLED,27E,22623.03,2
B1489,P1017,SJ201,b871fbfcad03d855bfddf41229297608,fe10005e6631d2c82bc640a5b707027e,20250708,CANCELLED,24F,0.0,0
B1490,P1753,AI180,4c4c8887c010c37d7c415aee9e223b86,1d96baf00ff457518c392cdbc36d081e,20260310,CONFIRMED,29B,1217.88,1
B1491,P1116,UK022,96cabcf3c0a98d19c08ef1c8eeba1154,d813685481e1e769c9968895601aa06a,20250716,CONFIRMED,18F,6534.99,1
B1492,P1797,AI202,10db3418b17657f44f554b3a79b69f30,1d96baf00ff457518c392cdbc36d081e,20260327,CANCELLED,29C,0.0,0
B1493,P1793,6F212,3994560a2c713f116680d065b7d4c478,143c0deac2b49915503dd16a9f5462ba,20250601,CONFIRMED,26D,0.0,0
B1494,P1143,6F163,382e870b93a9172b725c021a093b911d,143c0deac2b49915503dd16a9f5462ba,20250609,CANCELLED,23F,0.0,0
B1495,P1716,UK028,89b74decd3097ce93ec4cccfa8379efc,d813685481e1e769c9968895601aa06a,20251015,CONFIRMED,27D,17491.120000000003,2
B1496,P1550,6F243,225fb0760ffcd1233b1e4a61a511e724,143c0deac2b49915503dd16a9f5462ba,20260321,PENDING,7D,2901.65,1
B1497,P1928,AI165,8ff2523fe27e0b381e5ec1a14e29a704,1d96baf00ff457518c392cdbc36d081e,20250902,CONFIRMED,11F,0.0,0
B1498,P1665,UK099,127ab6733de551c1aea35612b818c8d5,d813685481e1e769c9968895601aa06a,20250718,PENDING,3D,0.0,0
B1499,P1687,AI033,12a0c17677be948b58459ad87ee14879,1d96baf00ff457518c392cdbc36d081e,20250617,INVALID,17C,0.0,0
B1500,P1960,UK056,89b74decd3097ce93ec4cccfa8379efc,d813685481e1e769c9968895601aa06a,20250430,CONFIRMED,22D,1303.07,1
B1501,P1752,SJ122,24879a2de7527581c3dbc2294134abe5,fe10005e6631d2c82bc640a5b707027e,20250904,CANCELLED,23D,27890.44,2
B1502,P1421,AI086,27d0f59c48e41aa01667e01a8c02ec7b,1d96baf00ff457518c392cdbc36d081e,20251015,CONFIRMED,23F,17966.760000000002,2
B1503,P1897,SJ011,127ab6733de551c1aea35612b818c8d5,fe10005e6631d2c82bc640a5b707027e,20251017,CONFIRMED,25C,0.0,0
B1504,P1368,SJ021,10db3418b17657f44f554b3a79b69f30,fe10005e6631d2c82bc640a5b707027e,20250421,PENDING,4E,32259.760000000002,3
B1505,P1645,SJ106,671c750b52cf4817ef2aa56f2ace75b0,fe10005e6631d2c82bc640a5b707027e,20251129,CONFIRMED,8F,7472.98,1
B1506,P1557,SJ026,edec40d16277592f865f6f96d12c6237,fe10005e6631d2c82bc640a5b707027e,20260129,CANCELLED,9E,0.0,0
B1507,P1049,SJ245,04f5fd88e0d3bf5692833a97649697b6,fe10005e6631d2c82bc640a5b707027e,20251127,PENDING,20A,4865.21,1
B1508,P1677,AI023,10db3418b17657f44f554b3a79b69f30,1d96baf00ff457518c392cdbc36d081e,20250731,UNKNOWN,9C,14679.26,3
B1509,P1105,AI032,71ffb94c38439501b7cb7532b20299ce,1d96baf00ff457518c392cdbc36d081e,20250925,CANCELLED,14F,0.0,0
B1510,P1215,AI236,dd9b7f73506b86ec79aa343e64a2fb35,1d96baf00ff457518c392cdbc36d081e,20250511,CANCELLED,19F,3179.45,1
B1511,P1657,6F094,adc4b4919d4f952851b45aa0ac117018,143c0deac2b49915503dd16a9f5462ba,20251224,CANCELLED,15C,12346.57,1
B1512,P1922,UK163,96cabcf3c0a98d19c08ef1c8eeba1154,d813685481e1e769c9968895601aa06a,20251221,PENDING,4A,5747.83,1
B1513,P1424,UK163,96cabcf3c0a98d19c08ef1c8eeba1154,d813685481e1e769c9968895601aa06a,20250630,CONFIRMED,32B,22716.67,2
B1514,P1071,SJ045,317ae26badc5745d08250ee7a733dd0c,fe10005e6631d2c82bc640a5b707027e,20250507,CANCELLED,21E,0.0,0
B1515,P1987,SJ006,10db3418b17657f44f554b3a79b69f30,fe10005e6631d2c82bc640a5b707027e,20250706,PENDING,26A,0.0,0
B1516,P1841,SJ103,71ffb94c38439501b7cb7532b20299ce,fe10005e6631d2c82bc640a5b707027e,20250805,CANCELLED,34F,3242.75,1
B1517,P1784,6F221,b6e2cc2aaf99f21f5582a5d4b9ae2a9f,143c0deac2b49915503dd16a9f5462ba,20260116,INVALID,31B,0.0,0
B1518,P1758,SJ147,3994560a2c713f116680d065b7d4c478,fe10005e6631d2c82bc640a5b707027e,20260320,INVALID,30A,0.0,0
B1519,P1445,SJ064,671c750b52cf4817ef2aa56f2ace75b0,fe10005e6631d2c82bc640a5b707027e,20260325,PENDING,3C,14857.830000000002,2
B1520,P1924,AI028,c9d4324c50c5e70095cd3e0446bcbd2d,1d96baf00ff457518c392cdbc36d081e,20260402,CONFIRMED,27A,14340.74,1
B1521,P1185,AI148,89b74decd3097ce93ec4cccfa8379efc,1d96baf00ff457518c392cdbc36d081e,20251108,PENDING,31E,10629.67,2
B1522,P1069,6F263,96cabcf3c0a98d19c08ef1c8eeba1154,143c0deac2b49915503dd16a9f5462ba,20250831,CONFIRMED,1C,0.0,0
B1523,P1973,SJ067,71ffb94c38439501b7cb7532b20299ce,fe10005e6631d2c82bc640a5b707027e,20250519,PENDING,21F,10733.84,1
B1524,P1149,6F061,382e870b93a9172b725c021a093b911d,143c0deac2b49915503dd16a9f5462ba,20250617,PENDING,23D,9831.83,2
B1525,P1245,AI254,27d0f59c48e41aa01667e01a8c02ec7b,1d96baf00ff457518c392cdbc36d081e,20250529,UNKNOWN,11E,7869.06,1
B1526,P1773,SJ136,10db3418b17657f44f554b3a79b69f30,fe10005e6631d2c82bc640a5b707027e,20251115,CONFIRMED,17D,12889.82,2
B1527,P1537,AI046,dd9b7f73506b86ec79aa343e64a2fb35,1d96baf00ff457518c392cdbc36d081e,20250709,PENDING,8A,11891.78,1
B1528,P1934,UK174,671c750b52cf4817ef2aa56f2ace75b0,d813685481e1e769c9968895601aa06a,20260328,PENDING,6E,0.0,0
B1529,P1651,6F066,6ae5133ee42f35cd132a43580eeb7688,143c0deac2b49915503dd16a9f5462ba,20250430,UNKNOWN,34C,0.0,0
B1530,P1098,UK095,127ab6733de551c1aea35612b818c8d5,d813685481e1e769c9968895601aa06a,20251208,INVALID,23E,29065.67,3
B1531,P1909,6F063,96cabcf3c0a98d19c08ef1c8eeba1154,143c0deac2b49915503dd16a9f5462ba,20260401,PENDING,30F,23911.21,2
B1532,P1277,UK118,10db3418b17657f44f554b3a79b69f30,d813685481e1e769c9968895601aa06a,20250422,PENDING,30A,24295.6,2
B1533,P1562,UK218,71ffb94c38439501b7cb7532b20299ce,d813685481e1e769c9968895601aa06a,20250915,PENDING,28D,0.0,0
B1534,P1662,UK031,671c750b52cf4817ef2aa56f2ace75b0,d813685481e1e769c9968895601aa06a,20250911,CONFIRMED,34E,12347.23,1
B1535,P1943,UK142,b871fbfcad03d855bfddf41229297608,d813685481e1e769c9968895601aa06a,20260402,PENDING,6C,19520.85,2
B1536,P1454,AI002,10db3418b17657f44f554b3a79b69f30,1d96baf00ff457518c392cdbc36d081e,20250601,UNKNOWN,4C,6548.99,1
B1537,P1103,UK070,04f5fd88e0d3bf5692833a97649697b6,d813685481e1e769c9968895601aa06a,20251008,CONFIRMED,21F,9202.57,1
B1538,P1945,SJ121,671c750b52cf4817ef2aa56f2ace75b0,fe10005e6631d2c82bc640a5b707027e,20260317,PENDING,8E,0.0,0
B1539,P1600,UK201,c9d4324c50c5e70095cd3e0446bcbd2d,d813685481e1e769c9968895601aa06a,20250611,CONFIRMED,20B,17509.78,2
B1540,P1652,AI138,8ff2523fe27e0b381e5ec1a14e29a704,1d96baf00ff457518c392cdbc36d081e,20260115,CANCELLED,7E,3640.69,1
B1541,P1724,SJ014,225fb0760ffcd1233b1e4a61a511e724,fe10005e6631d2c82bc640a5b707027e,20251216,CONFIRMED,26A,12031.17,1
B1542,P1232,SJ053,671c750b52cf4817ef2aa56f2ace75b0,fe10005e6631d2c82bc640a5b707027e,20251213,PENDING,14F,0.0,0
B1543,P1393,SJ241,96cabcf3c0a98d19c08ef1c8eeba1154,fe10005e6631d2c82bc640a5b707027e,20250616,CANCELLED,4F,3207.85,1
B1544,P1500,AI249,6ae5133ee42f35cd132a43580eeb7688,1d96baf00ff457518c392cdbc36d081e,20250901,CANCELLED,16A,12003.060000000001,2
B1545,P1694,AI176,b871fbfcad03d855bfddf41229297608,1d96baf00ff457518c392cdbc36d081e,20260308,PENDING,8A,17736.33,2
B1546,P1250,SJ234,3994560a2c713f116680d065b7d4c478,fe10005e6631d2c82bc640a5b707027e,20260402,PENDING,32B,0.0,0
B1547,P1520,6F115,71ffb94c38439501b7cb7532b20299ce,143c0deac2b49915503dd16a9f5462ba,20250418,PENDING,16C,0.0,0
B1548,P1078,AI020,c43ed166a8fa9fe1e85762faa8bf124b,1d96baf00ff457518c392cdbc36d081e,20251004,CONFIRMED,7E,0.0,0
B1549,P1051,AI020,c43ed166a8fa9fe1e85762faa8bf124b,1d96baf00ff457518c392cdbc36d081e,20251216,CONFIRMED,24A,0.0,0
B1550,P1897,6F079,a51d75f60b5853f2ce43d68ddc769a90,143c0deac2b49915503dd16a9f5462ba,20251206,CONFIRMED,10D,0.0,0
B1551,P1920,6F104,24879a2de7527581c3dbc2294134abe5,143c0deac2b49915503dd16a9f5462ba,20251114,INVALID,8E,0.0,0
B1552,P1780,UK046,671c750b52cf4817ef2aa56f2ace75b0,d813685481e1e769c9968895601aa06a,20260206,PENDING,32D,12589.6,1
B1553,P1225,SJ217,4c4c8887c010c37d7c415aee9e223b86,fe10005e6631d2c82bc640a5b707027e,20251115,CONFIRMED,33D,1883.33,1
B1554,P1050,6F142,edec40d16277592f865f6f96d12c6237,143c0deac2b49915503dd16a9f5462ba,20250826,CANCELLED,8D,0.0,0
B1555,P1185,SJ139,cf98c283c13881769b3b684c7653eba9,fe10005e6631d2c82bc640a5b707027e,20260404,CONFIRMED,3B,13344.12,1
B1556,P1033,6F059,04f5fd88e0d3bf5692833a97649697b6,143c0deac2b49915503dd16a9f5462ba,20260118,CANCELLED,31D,0.0,0
B1557,P1802,6F067,71ffb94c38439501b7cb7532b20299ce,143c0deac2b49915503dd16a9f5462ba,20250810,PENDING,17A,17708.739999999998,2
B1558,P1741,AI007,b6e2cc2aaf99f21f5582a5d4b9ae2a9f,1d96baf00ff457518c392cdbc36d081e,20250807,PENDING,27A,15597.73,2
B1559,P1130,UK202,96cabcf3c0a98d19c08ef1c8eeba1154,d813685481e1e769c9968895601aa06a,20260120,CONFIRMED,5F,3622.91,1
B1560,P1631,AI200,89b74decd3097ce93ec4cccfa8379efc,1d96baf00ff457518c392cdbc36d081e,20260307,CONFIRMED,18C,0.0,0
B1561,P1442,UK172,dd9b7f73506b86ec79aa343e64a2fb35,d813685481e1e769c9968895601aa06a,20260127,PENDING,18C,11507.310000000001,2
B1562,P1837,6F214,4c4c8887c010c37d7c415aee9e223b86,143c0deac2b49915503dd16a9f5462ba,20250501,CONFIRMED,10B,6572.09,1
B1563,P1758,UK037,adc4b4919d4f952851b45aa0ac117018,d813685481e1e769c9968895601aa06a,20250911,PENDING,27B,0.0,0
B1564,P1431,AI022,127ab6733de551c1aea35612b818c8d5,1d96baf00ff457518c392cdbc36d081e,20250814,PENDING,17F,3514.52,1
B1565,P1703,AI243,adc4b4919d4f952851b45aa0ac117018,1d96baf00ff457518c392cdbc36d081e,20260206,CANCELLED,20D,7243.49,2
B1566,P1496,SJ174,671c750b52cf4817ef2aa56f2ace75b0,fe10005e6631d2c82bc640a5b707027e,20251008,CONFIRMED,29F,26394.47,2
B1567,P1402,SJ079,bc77046451bd9d63487f804a25d5b6fc,fe10005e6631d2c82bc640a5b707027e,20251113,PENDING,9A,10982.24,1
B1568,P1322,UK097,c9d4324c50c5e70095cd3e0446bcbd2d,d813685481e1e769c9968895601aa06a,20251221,CONFIRMED,21A,0.0,0
B1569,P1209,AI013,10db3418b17657f44f554b3a79b69f30,1d96baf00ff457518c392cdbc36d081e,20251226,CANCELLED,14E,0.0,0
B1570,P1614,UK196,225fb0760ffcd1233b1e4a61a511e724,d813685481e1e769c9968895601aa06a,20251121,CANCELLED,25E,15054.77,2
B1571,P1328,SJ213,4c4c8887c010c37d7c415aee9e223b86,fe10005e6631d2c82bc640a5b707027e,20251106,CONFIRMED,2C,0.0,0
B1572,P1371,UK119,4c4c8887c010c37d7c415aee9e223b86,d813685481e1e769c9968895601aa06a,20250526,CONFIRMED,5D,13849.86,1
B1573,P1459,AI043,671c750b52cf4817ef2aa56f2ace75b0,1d96baf00ff457518c392cdbc36d081e,20260318,PENDING,19B,7629.97,1
B1574,P1132,AI043,671c750b52cf4817ef2aa56f2ace75b0,1d96baf00ff457518c392cdbc36d081e,20250429,CANCELLED,18A,13905.05,1
B1575,P1834,AI143,671c750b52cf4817ef2aa56f2ace75b0,1d96baf00ff457518c392cdbc36d081e,20250616,CANCELLED,2B,12516.91,1
B1576,P1650,SJ032,382e870b93a9172b725c021a093b911d,fe10005e6631d2c82bc640a5b707027e,20251020,UNKNOWN,6F,0.0,0
B1577,P1120,6F050,dd9b7f73506b86ec79aa343e64a2fb35,143c0deac2b49915503dd16a9f5462ba,20260124,CONFIRMED,23A,0.0,0
B1578,P1605,AI134,c9d4324c50c5e70095cd3e0446bcbd2d,1d96baf00ff457518c392cdbc36d081e,20251225,PENDING,6B,4097.6900000000005,2
B1579,P1451,6F182,4c4c8887c010c37d7c415aee9e223b86,143c0deac2b49915503dd16a9f5462ba,20250424,CONFIRMED,28E,9444.1,2
B1580,P1964,SJ086,671c750b52cf4817ef2aa56f2ace75b0,fe10005e6631d2c82bc640a5b707027e,20251008,CONFIRMED,20D,26625.059999999998,3
B1581,P1128,6F170,bc77046451bd9d63487f804a25d5b6fc,143c0deac2b49915503dd16a9f5462ba,20250806,CONFIRMED,3D,9514.99,1
B1582,P1090,UK168,3994560a2c713f116680d065b7d4c478,d813685481e1e769c9968895601aa06a,20250424,PENDING,34B,13552.0,1
B1583,P1603,SJ072,96cabcf3c0a98d19c08ef1c8eeba1154,fe10005e6631d2c82bc640a5b707027e,20260222,UNKNOWN,33D,0.0,0
B1584,P1574,UK075,12a0c17677be948b58459ad87ee14879,d813685481e1e769c9968895601aa06a,20250428,CANCELLED,21C,26466.88,2
B1585,P1028,6F233,adc4b4919d4f952851b45aa0ac117018,143c0deac2b49915503dd16a9f5462ba,20260108,CANCELLED,1C,23517.699999999997,2
B1586,P1721,SJ143,dd9b7f73506b86ec79aa343e64a2fb35,fe10005e6631d2c82bc640a5b707027e,20251113,CANCELLED,25B,0.0,0
B1587,P1523,SJ246,04f5fd88e0d3bf5692833a97649697b6,fe10005e6631d2c82bc640a5b707027e,20250628,PENDING,34E,11740.35,1
B1588,P1332,SJ247,dd9b7f73506b86ec79aa343e64a2fb35,fe10005e6631d2c82bc640a5b707027e,20251104,CONFIRMED,10B,12810.22,1
B1589,P1296,UK157,24879a2de7527581c3dbc2294134abe5,d813685481e1e769c9968895601aa06a,20250831,PENDING,3D,29432.760000000002,3
B1590,P1129,UK069,671c750b52cf4817ef2aa56f2ace75b0,d813685481e1e769c9968895601aa06a,20260401,CONFIRMED,25B,1015.84,1
B1591,P1292,AI106,10db3418b17657f44f554b3a79b69f30,1d96baf00ff457518c392cdbc36d081e,20251120,CANCELLED,8A,16833.8,2
B1592,P1172,UK085,b6e2cc2aaf99f21f5582a5d4b9ae2a9f,d813685481e1e769c9968895601aa06a,20251117,CONFIRMED,24F,0.0,0
B1593,P1719,6F087,96cabcf3c0a98d19c08ef1c8eeba1154,143c0deac2b49915503dd16a9f5462ba,20250924,UNKNOWN,1A,0.0,0
B1594,P1943,AI067,bc77046451bd9d63487f804a25d5b6fc,1d96baf00ff457518c392cdbc36d081e,20250601,CONFIRMED,25E,1448.88,1
B1595,P1023,6F226,dd9b7f73506b86ec79aa343e64a2fb35,143c0deac2b49915503dd16a9f5462ba,20260107,PENDING,4E,24869.85,2
B1596,P1098,SJ210,8a783a606a385b3bfe750ffd23c30c03,fe10005e6631d2c82bc640a5b707027e,20251220,CONFIRMED,15E,18020.9,2
B1597,P1405,6F269,89b74decd3097ce93ec4cccfa8379efc,143c0deac2b49915503dd16a9f5462ba,20251023,CONFIRMED,33A,19192.260000000002,2
B1598,P1355,UK013,127ab6733de551c1aea35612b818c8d5,d813685481e1e769c9968895601aa06a,20260102,CONFIRMED,11B,15978.23,2
B1599,P1138,UK013,127ab6733de551c1aea35612b818c8d5,d813685481e1e769c9968895601aa06a,20250930,PENDING,9E,0.0,0
B1600,P1502,UK143,adc4b4919d4f952851b45aa0ac117018,d813685481e1e769c9968895601aa06a,20250720,PENDING,2C,24083.25,2
B1601,P1825,6F262,b6e2cc2aaf99f21f5582a5d4b9ae2a9f,143c0deac2b49915503dd16a9f5462ba,20250907,PENDING,28D,0.0,0
B1602,P1173,6F042,bc77046451bd9d63487f804a25d5b6fc,143c0deac2b49915503dd16a9f5462ba,20250707,UNKNOWN,2A,4028.21,1
B1603,P1028,SJ118,dd9b7f73506b86ec79aa343e64a2fb35,fe10005e6631d2c82bc640a5b707027e,20251206,CANCELLED,17E,0.0,0
B1604,P1930,SJ118,dd9b7f73506b86ec79aa343e64a2fb35,fe10005e6631d2c82bc640a5b707027e,20251117,CANCELLED,3C,0.0,0
B1605,P1495,SJ082,04f5fd88e0d3bf5692833a97649697b6,fe10005e6631d2c82bc640a5b707027e,20251003,CANCELLED,6C,0.0,0
B1606,P1654,6F015,4c4c8887c010c37d7c415aee9e223b86,143c0deac2b49915503dd16a9f5462ba,20250718,CONFIRMED,23E,21087.41,3
B1607,P1827,AI101,cf98c283c13881769b3b684c7653eba9,1d96baf00ff457518c392cdbc36d081e,20260202,INVALID,30F,13086.08,2
B1608,P1350,SJ110,671c750b52cf4817ef2aa56f2ace75b0,fe10005e6631d2c82bc640a5b707027e,20250628,CANCELLED,10B,0.0,0
B1609,P1553,SJ042,8a783a606a385b3bfe750ffd23c30c03,fe10005e6631d2c82bc640a5b707027e,20251021,CANCELLED,19D,0.0,0
B1610,P1298,6F145,671c750b52cf4817ef2aa56f2ace75b0,143c0deac2b49915503dd16a9f5462ba,20251013,CONFIRMED,27A,5809.44,1
B1611,P1719,UK029,dd9b7f73506b86ec79aa343e64a2fb35,d813685481e1e769c9968895601aa06a,20260105,CANCELLED,14C,22397.64,2
B1612,P1841,SJ200,04f5fd88e0d3bf5692833a97649697b6,fe10005e6631d2c82bc640a5b707027e,20250418,CANCELLED,28C,0.0,0
B1613,P1944,SJ209,adc4b4919d4f952851b45aa0ac117018,fe10005e6631d2c82bc640a5b707027e,20260129,CONFIRMED,6A,16309.3,2
B1614,P1191,AI116,24879a2de7527581c3dbc2294134abe5,1d96baf00ff457518c392cdbc36d081e,20250511,UNKNOWN,30B,8965.77,2
B1615,P1671,6F117,671c750b52cf4817ef2aa56f2ace75b0,143c0deac2b49915503dd16a9f5462ba,20250523,CANCELLED,33B,13670.64,2
B1616,P1063,SJ181,c43ed166a8fa9fe1e85762faa8bf124b,fe10005e6631d2c82bc640a5b707027e,20251223,PENDING,17A,0.0,0
B1617,P1754,AI070,671c750b52cf4817ef2aa56f2ace75b0,1d96baf00ff457518c392cdbc36d081e,20250510,INVALID,18A,12237.51,1
B1618,P1769,AI070,671c750b52cf4817ef2aa56f2ace75b0,1d96baf00ff457518c392cdbc36d081e,20260119,CONFIRMED,1B,6904.57,1
B1619,P1663,UK042,382e870b93a9172b725c021a093b911d,d813685481e1e769c9968895601aa06a,20260205,PENDING,13A,33652.61,3
B1620,P1214,AI169,671c750b52cf4817ef2aa56f2ace75b0,1d96baf00ff457518c392cdbc36d081e,20260224,PENDING,1B,33808.97,4
B1621,P1833,6F021,9f16374b2c912e79e7314809f36c7172,143c0deac2b49915503dd16a9f5462ba,20251221,PENDING,27A,11805.25,2
B1622,P1165,SJ046,127ab6733de551c1aea35612b818c8d5,fe10005e6631d2c82bc640a5b707027e,20250623,PENDING,19F,36638.7,3
B1623,P1542,AI211,8ff2523fe27e0b381e5ec1a14e29a704,1d96baf00ff457518c392cdbc36d081e,20250817,CANCELLED,22B,37128.79,4
B1624,P1882,SJ091,3994560a2c713f116680d065b7d4c478,fe10005e6631d2c82bc640a5b707027e,20251220,CANCELLED,34F,0.0,0
B1625,P1231,AI123,382e870b93a9172b725c021a093b911d,1d96baf00ff457518c392cdbc36d081e,20260405,PENDING,7D,0.0,0
B1626,P1793,6F053,96cabcf3c0a98d19c08ef1c8eeba1154,143c0deac2b49915503dd16a9f5462ba,20250417,CANCELLED,25C,7859.04,1
B1627,P1540,UK012,382e870b93a9172b725c021a093b911d,d813685481e1e769c9968895601aa06a,20260109,PENDING,27E,23952.61,2
B1628,P1194,6F023,71ffb94c38439501b7cb7532b20299ce,143c0deac2b49915503dd16a9f5462ba,20251125,PENDING,33A,1971.53,1
B1629,P1505,AI250,4c4c8887c010c37d7c415aee9e223b86,1d96baf00ff457518c392cdbc36d081e,20260102,CONFIRMED,11A,0.0,0
B1630,P1333,AI238,edec40d16277592f865f6f96d12c6237,1d96baf00ff457518c392cdbc36d081e,20260407,PENDING,26F,11475.88,1
B1631,P1767,UK096,6ae5133ee42f35cd132a43580eeb7688,d813685481e1e769c9968895601aa06a,20260217,CANCELLED,24F,17514.41,2
B1632,P1792,UK126,671c750b52cf4817ef2aa56f2ace75b0,d813685481e1e769c9968895601aa06a,20260330,PENDING,1D,11397.25,1
B1633,P1303,SJ195,4c4c8887c010c37d7c415aee9e223b86,fe10005e6631d2c82bc640a5b707027e,20250830,CONFIRMED,8E,0.0,0
B1634,P1832,SJ171,96cabcf3c0a98d19c08ef1c8eeba1154,fe10005e6631d2c82bc640a5b707027e,20251225,CANCELLED,1C,0.0,0
B1635,P1436,AI136,b871fbfcad03d855bfddf41229297608,1d96baf00ff457518c392cdbc36d081e,20250814,INVALID,7C,0.0,0
B1636,P1322,SJ192,c9d4324c50c5e70095cd3e0446bcbd2d,fe10005e6631d2c82bc640a5b707027e,20250527,CONFIRMED,22B,14700.1,1
B1637,P1501,6F035,27d0f59c48e41aa01667e01a8c02ec7b,143c0deac2b49915503dd16a9f5462ba,20251201,PENDING,27C,25470.66,3
B1638,P1857,UK088,71ffb94c38439501b7cb7532b20299ce,d813685481e1e769c9968895601aa06a,20260223,CONFIRMED,22C,0.0,0
B1639,P1913,6F009,3994560a2c713f116680d065b7d4c478,143c0deac2b49915503dd16a9f5462ba,20250914,CONFIRMED,24E,6069.3,2
B1640,P1392,6F004,4c4c8887c010c37d7c415aee9e223b86,143c0deac2b49915503dd16a9f5462ba,20260128,CANCELLED,30B,0.0,0
B1641,P1805,UK122,8a783a606a385b3bfe750ffd23c30c03,d813685481e1e769c9968895601aa06a,20260327,UNKNOWN,28D,14953.42,1
B1642,P1598,AI251,b6e2cc2aaf99f21f5582a5d4b9ae2a9f,1d96baf00ff457518c392cdbc36d081e,20260215,PENDING,4E,6919.99,1
B1643,P1148,AI027,127ab6733de551c1aea35612b818c8d5,1d96baf00ff457518c392cdbc36d081e,20260204,PENDING,14A,0.0,0
B1644,P1760,SJ165,24879a2de7527581c3dbc2294134abe5,fe10005e6631d2c82bc640a5b707027e,20251020,PENDING,20E,10406.49,1
B1645,P1832,UK081,b871fbfcad03d855bfddf41229297608,d813685481e1e769c9968895601aa06a,20250816,CONFIRMED,17D,2308.55,1
B1646,P1404,UK191,71ffb94c38439501b7cb7532b20299ce,d813685481e1e769c9968895601aa06a,20250927,CANCELLED,28C,22654.88,2
B1647,P1282,SJ188,adc4b4919d4f952851b45aa0ac117018,fe10005e6631d2c82bc640a5b707027e,20251106,PENDING,14F,17320.63,2
B1648,P1361,6F016,c9d4324c50c5e70095cd3e0446bcbd2d,143c0deac2b49915503dd16a9f5462ba,20250809,CONFIRMED,33D,3484.04,1
B1649,P1378,6F064,671c750b52cf4817ef2aa56f2ace75b0,143c0deac2b49915503dd16a9f5462ba,20260405,PENDING,4F,28108.05,2
B1650,P1197,SJ105,225fb0760ffcd1233b1e4a61a511e724,fe10005e6631d2c82bc640a5b707027e,20260403,UNKNOWN,10D,0.0,0
B1651,P1555,SJ054,71ffb94c38439501b7cb7532b20299ce,fe10005e6631d2c82bc640a5b707027e,20250909,CANCELLED,21B,6941.55,1
B1652,P1355,6F197,c43ed166a8fa9fe1e85762faa8bf124b,143c0deac2b49915503dd16a9f5462ba,20251219,PENDING,23C,21520.53,4
B1653,P1539,AI040,10db3418b17657f44f554b3a79b69f30,1d96baf00ff457518c392cdbc36d081e,20260326,CANCELLED,31B,10350.94,1
B1654,P1428,AI131,382e870b93a9172b725c021a093b911d,1d96baf00ff457518c392cdbc36d081e,20250814,UNKNOWN,31A,12116.85,1
B1655,P1016,6F141,4c4c8887c010c37d7c415aee9e223b86,143c0deac2b49915503dd16a9f5462ba,20251009,PENDING,7D,0.0,0
B1656,P1638,UK035,c9d4324c50c5e70095cd3e0446bcbd2d,d813685481e1e769c9968895601aa06a,20250512,CONFIRMED,26E,9174.46,1
B1657,P1378,AI005,8ff2523fe27e0b381e5ec1a14e29a704,1d96baf00ff457518c392cdbc36d081e,20250828,CONFIRMED,12B,11326.44,1
B1658,P1679,AI001,96cabcf3c0a98d19c08ef1c8eeba1154,1d96baf00ff457518c392cdbc36d081e,20250622,CONFIRMED,18D,0.0,0
B1659,P1505,UK211,12a0c17677be948b58459ad87ee14879,d813685481e1e769c9968895601aa06a,20260117,PENDING,6D,0.0,0
B1660,P1755,SJ189,10db3418b17657f44f554b3a79b69f30,fe10005e6631d2c82bc640a5b707027e,20260404,CANCELLED,12D,5033.75,1
B1661,P1898,UK006,12a0c17677be948b58459ad87ee14879,d813685481e1e769c9968895601aa06a,20250421,PENDING,18D,20979.510000000002,2
B1662,P1075,6F189,71ffb94c38439501b7cb7532b20299ce,143c0deac2b49915503dd16a9f5462ba,20251013,CONFIRMED,17A,9168.1,1
B1663,P1230,AI133,8ff2523fe27e0b381e5ec1a14e29a704,1d96baf00ff457518c392cdbc36d081e,20250516,CANCELLED,15B,66885.47,6
B1664,P1715,SJ216,4c4c8887c010c37d7c415aee9e223b86,fe10005e6631d2c82bc640a5b707027e,20251108,CONFIRMED,25B,0.0,0
B1665,P1961,SJ133,4c4c8887c010c37d7c415aee9e223b86,fe10005e6631d2c82bc640a5b707027e,20260304,CANCELLED,29D,13434.66,1
B1666,P1247,UK082,dd9b7f73506b86ec79aa343e64a2fb35,d813685481e1e769c9968895601aa06a,20260305,PENDING,32C,4184.87,1
B1667,P1301,6F136,671c750b52cf4817ef2aa56f2ace75b0,143c0deac2b49915503dd16a9f5462ba,20260216,CANCELLED,32C,0.0,0
B1668,P1725,6F039,12a0c17677be948b58459ad87ee14879,143c0deac2b49915503dd16a9f5462ba,20250430,PENDING,3B,0.0,0
B1669,P1214,AI011,24879a2de7527581c3dbc2294134abe5,1d96baf00ff457518c392cdbc36d081e,20250616,CONFIRMED,3E,0.0,0
B1670,P1157,SJ225,96cabcf3c0a98d19c08ef1c8eeba1154,fe10005e6631d2c82bc640a5b707027e,20250512,CANCELLED,16C,0.0,0
B1671,P1068,SJ024,317ae26badc5745d08250ee7a733dd0c,fe10005e6631d2c82bc640a5b707027e,20250708,CONFIRMED,22C,0.0,0
B1672,P1392,AI109,adc4b4919d4f952851b45aa0ac117018,1d96baf00ff457518c392cdbc36d081e,20250801,CANCELLED,14E,6895.9,1
B1673,P1084,AI147,8a783a606a385b3bfe750ffd23c30c03,1d96baf00ff457518c392cdbc36d081e,20250612,UNKNOWN,28B,0.0,0
B1674,P1266,UK057,671c750b52cf4817ef2aa56f2ace75b0,d813685481e1e769c9968895601aa06a,20251103,CANCELLED,18C,0.0,0
B1675,P1068,6F111,bc77046451bd9d63487f804a25d5b6fc,143c0deac2b49915503dd16a9f5462ba,20250801,CANCELLED,9A,0.0,0
B1676,P1610,AI197,4c4c8887c010c37d7c415aee9e223b86,1d96baf00ff457518c392cdbc36d081e,20260414,PENDING,24C,26552.82,2
B1677,P1346,UK127,225fb0760ffcd1233b1e4a61a511e724,d813685481e1e769c9968895601aa06a,20260131,PENDING,29C,19599.18,2
B1678,P1961,6F240,96cabcf3c0a98d19c08ef1c8eeba1154,143c0deac2b49915503dd16a9f5462ba,20251231,PENDING,24B,3831.88,1
B1679,P1727,6F257,12a0c17677be948b58459ad87ee14879,143c0deac2b49915503dd16a9f5462ba,20250817,CANCELLED,25A,0.0,0
B1680,P1926,AI253,adc4b4919d4f952851b45aa0ac117018,1d96baf00ff457518c392cdbc36d081e,20260319,UNKNOWN,11F,0.0,0
B1681,P1672,SJ135,12a0c17677be948b58459ad87ee14879,fe10005e6631d2c82bc640a5b707027e,20260402,CANCELLED,15C,26057.93,2
B1682,P1422,UK112,671c750b52cf4817ef2aa56f2ace75b0,d813685481e1e769c9968895601aa06a,20250710,CANCELLED,20B,2916.86,1
B1683,P1605,AI050,adc4b4919d4f952851b45aa0ac117018,1d96baf00ff457518c392cdbc36d081e,20250807,CONFIRMED,9C,19349.760000000002,2
B1684,P1173,UK060,3994560a2c713f116680d065b7d4c478,d813685481e1e769c9968895601aa06a,20251118,PENDING,8E,0.0,0
B1685,P1676,SJ183,671c750b52cf4817ef2aa56f2ace75b0,fe10005e6631d2c82bc640a5b707027e,20250515,CANCELLED,25E,12700.44,2
B1686,P1114,UK138,cf98c283c13881769b3b684c7653eba9,d813685481e1e769c9968895601aa06a,20251117,CONFIRMED,23E,1293.05,1
B1687,P1219,SJ071,edec40d16277592f865f6f96d12c6237,fe10005e6631d2c82bc640a5b707027e,20251012,PENDING,22F,0.0,0
B1688,P1955,AI057,4c4c8887c010c37d7c415aee9e223b86,1d96baf00ff457518c392cdbc36d081e,20250614,PENDING,9D,10945.95,1
B1689,P1030,SJ151,4c4c8887c010c37d7c415aee9e223b86,fe10005e6631d2c82bc640a5b707027e,20250710,CANCELLED,20B,8030.27,1
B1690,P1522,SJ144,adc4b4919d4f952851b45aa0ac117018,fe10005e6631d2c82bc640a5b707027e,20250628,PENDING,12C,7675.73,1
B1691,P1342,SJ087,04f5fd88e0d3bf5692833a97649697b6,fe10005e6631d2c82bc640a5b707027e,20260123,PENDING,12E,10442.06,1
B1692,P1376,SJ066,8a783a606a385b3bfe750ffd23c30c03,fe10005e6631d2c82bc640a5b707027e,20260402,CONFIRMED,18A,0.0,0
B1693,P1129,AI247,4c4c8887c010c37d7c415aee9e223b86,1d96baf00ff457518c392cdbc36d081e,20260102,CONFIRMED,11F,0.0,0
B1694,P1999,SJ102,12a0c17677be948b58459ad87ee14879,fe10005e6631d2c82bc640a5b707027e,20260401,PENDING,24D,7153.610000000001,2
B1695,P1616,6F252,71ffb94c38439501b7cb7532b20299ce,143c0deac2b49915503dd16a9f5462ba,20260413,CONFIRMED,4F,5969.93,1
B1696,P1538,6F055,8ff2523fe27e0b381e5ec1a14e29a704,143c0deac2b49915503dd16a9f5462ba,20251128,PENDING,11C,0.0,0
B1697,P1738,AI204,edec40d16277592f865f6f96d12c6237,1d96baf00ff457518c392cdbc36d081e,20251112,CANCELLED,34B,0.0,0
B1698,P1001,AI016,4c4c8887c010c37d7c415aee9e223b86,1d96baf00ff457518c392cdbc36d081e,20260202,CONFIRMED,31D,8023.98,1
B1699,P1870,AI209,3994560a2c713f116680d065b7d4c478,1d96baf00ff457518c392cdbc36d081e,20251211,PENDING,15D,23144.93,3
B1700,P1100,SJ211,382e870b93a9172b725c021a093b911d,fe10005e6631d2c82bc640a5b707027e,20260104,PENDING,14B,6028.27,1
B1701,P1532,6F103,edec40d16277592f865f6f96d12c6237,143c0deac2b49915503dd16a9f5462ba,20251016,CONFIRMED,13F,0.0,0
B1702,P1057,UK182,8a783a606a385b3bfe750ffd23c30c03,d813685481e1e769c9968895601aa06a,20250422,CONFIRMED,31F,13329.36,1
B1703,P1388,6F264,96cabcf3c0a98d19c08ef1c8eeba1154,143c0deac2b49915503dd16a9f5462ba,20251225,CANCELLED,19B,11995.2,2
B1704,P1691,6F027,b871fbfcad03d855bfddf41229297608,143c0deac2b49915503dd16a9f5462ba,20250723,PENDING,29A,13993.49,1
B1705,P1940,UK198,cf98c283c13881769b3b684c7653eba9,d813685481e1e769c9968895601aa06a,20260131,CANCELLED,3B,20858.789999999997,4
B1706,P1340,6F171,cf98c283c13881769b3b684c7653eba9,143c0deac2b49915503dd16a9f5462ba,20250907,CANCELLED,15C,0.0,0
B1707,P1860,AI004,89b74decd3097ce93ec4cccfa8379efc,1d96baf00ff457518c392cdbc36d081e,20250705,CANCELLED,1B,0.0,0
B1708,P1019,6F157,12a0c17677be948b58459ad87ee14879,143c0deac2b49915503dd16a9f5462ba,20251122,CONFIRMED,3C,0.0,0
B1709,P1254,AI018,4c4c8887c010c37d7c415aee9e223b86,1d96baf00ff457518c392cdbc36d081e,20251003,CANCELLED,22B,0.0,0
B1710,P1316,UK098,671c750b52cf4817ef2aa56f2ace75b0,d813685481e1e769c9968895601aa06a,20250805,CONFIRMED,21E,12059.65,1
B1711,P1037,6F167,adc4b4919d4f952851b45aa0ac117018,143c0deac2b49915503dd16a9f5462ba,20260129,UNKNOWN,4C,0.0,0
B1712,P1659,AI228,adc4b4919d4f952851b45aa0ac117018,1d96baf00ff457518c392cdbc36d081e,20250906,CANCELLED,17C,0.0,0
B1713,P1536,SJ242,6ae5133ee42f35cd132a43580eeb7688,fe10005e6631d2c82bc640a5b707027e,20250831,CANCELLED,17D,0.0,0
B1714,P1385,6F227,382e870b93a9172b725c021a093b911d,143c0deac2b49915503dd16a9f5462ba,20251211,PENDING,34C,5064.12,1
B1715,P1632,6F037,127ab6733de551c1aea35612b818c8d5,143c0deac2b49915503dd16a9f5462ba,20250827,CANCELLED,20C,0.0,0
B1716,P1927,6F107,cae609ae5d68de9a8792d0e2117d4ded,143c0deac2b49915503dd16a9f5462ba,20251222,PENDING,28A,0.0,0
B1717,P1025,SJ125,cf98c283c13881769b3b684c7653eba9,fe10005e6631d2c82bc640a5b707027e,20251106,CANCELLED,14A,2408.2200000000003,2
B1718,P1453,UK117,adc4b4919d4f952851b45aa0ac117018,d813685481e1e769c9968895601aa06a,20250617,CANCELLED,9B,18312.78,2
B1719,P1680,6F192,cae609ae5d68de9a8792d0e2117d4ded,143c0deac2b49915503dd16a9f5462ba,20251112,CANCELLED,29E,5781.1,1
B1720,P1322,AI201,3994560a2c713f116680d065b7d4c478,1d96baf00ff457518c392cdbc36d081e,20251127,CANCELLED,27B,5194.3,1
B1721,P1736,SJ126,cf98c283c13881769b3b684c7653eba9,fe10005e6631d2c82bc640a5b707027e,20260325,PENDING,21A,0.0,0
B1722,P1512,AI177,27d0f59c48e41aa01667e01a8c02ec7b,1d96baf00ff457518c392cdbc36d081e,20260210,PENDING,5E,0.0,0
B1723,P1818,AI092,24879a2de7527581c3dbc2294134abe5,1d96baf00ff457518c392cdbc36d081e,20251223,CANCELLED,26B,0.0,0
B1724,P1772,6F076,27d0f59c48e41aa01667e01a8c02ec7b,143c0deac2b49915503dd16a9f5462ba,20251010,CANCELLED,11D,10484.53,1
B1725,P1012,AI185,24879a2de7527581c3dbc2294134abe5,1d96baf00ff457518c392cdbc36d081e,20250429,PENDING,1E,0.0,0
B1726,P1914,AI055,24879a2de7527581c3dbc2294134abe5,1d96baf00ff457518c392cdbc36d081e,20250514,CONFIRMED,2B,10313.45,2
B1727,P1907,6F222,89b74decd3097ce93ec4cccfa8379efc,143c0deac2b49915503dd16a9f5462ba,20260315,CONFIRMED,27D,0.0,0
B1728,P1559,AI090,12a0c17677be948b58459ad87ee14879,1d96baf00ff457518c392cdbc36d081e,20251212,CONFIRMED,1C,7592.89,1
B1729,P1920,AI183,8ff2523fe27e0b381e5ec1a14e29a704,1d96baf00ff457518c392cdbc36d081e,20250603,PENDING,4F,2726.28,1
B1730,P1824,AI041,c43ed166a8fa9fe1e85762faa8bf124b,1d96baf00ff457518c392cdbc36d081e,20250429,PENDING,25F,0.0,0
B1731,P1370,6F210,bc77046451bd9d63487f804a25d5b6fc,143c0deac2b49915503dd16a9f5462ba,20250712,CONFIRMED,25F,1355.89,1
B1732,P1290,AI170,bc77046451bd9d63487f804a25d5b6fc,1d96baf00ff457518c392cdbc36d081e,20260115,CONFIRMED,3A,7405.96,1
B1733,P1331,SJ008,10db3418b17657f44f554b3a79b69f30,fe10005e6631d2c82bc640a5b707027e,20260416,CANCELLED,2E,10832.74,1
B1734,P1605,AI049,edec40d16277592f865f6f96d12c6237,1d96baf00ff457518c392cdbc36d081e,20250929,PENDING,27E,2972.66,1
B1735,P1260,SJ132,b6e2cc2aaf99f21f5582a5d4b9ae2a9f,fe10005e6631d2c82bc640a5b707027e,20250512,PENDING,34E,10012.48,1
B1736,P1993,SJ224,317ae26badc5745d08250ee7a733dd0c,fe10005e6631d2c82bc640a5b707027e,20260126,CONFIRMED,28E,8590.58,2
B1737,P1789,UK038,12a0c17677be948b58459ad87ee14879,d813685481e1e769c9968895601aa06a,20250611,CONFIRMED,1E,12049.41,1
B1738,P1870,SJ220,4c4c8887c010c37d7c415aee9e223b86,fe10005e6631d2c82bc640a5b707027e,20250814,PENDING,27B,26003.14,3
B1739,P1204,6F124,adc4b4919d4f952851b45aa0ac117018,143c0deac2b49915503dd16a9f5462ba,20250629,CANCELLED,34F,8263.32,1
B1740,P1696,SJ164,edec40d16277592f865f6f96d12c6237,fe10005e6631d2c82bc640a5b707027e,20251116,CONFIRMED,14D,0.0,0
B1741,P1686,AI026,dd9b7f73506b86ec79aa343e64a2fb35,1d96baf00ff457518c392cdbc36d081e,20250518,PENDING,18E,4483.43,1
B1742,P1949,6F144,c9d4324c50c5e70095cd3e0446bcbd2d,143c0deac2b49915503dd16a9f5462ba,20250914,PENDING,16D,0.0,0
B1743,P1386,6F137,671c750b52cf4817ef2aa56f2ace75b0,143c0deac2b49915503dd16a9f5462ba,20251121,INVALID,6F,4062.36,1
B1744,P1891,UK139,9f16374b2c912e79e7314809f36c7172,d813685481e1e769c9968895601aa06a,20250905,CANCELLED,10A,9225.17,1
B1745,P1820,UK139,9f16374b2c912e79e7314809f36c7172,d813685481e1e769c9968895601aa06a,20250520,CONFIRMED,27B,10889.16,1
B1746,P1467,SJ140,bc77046451bd9d63487f804a25d5b6fc,fe10005e6631d2c82bc640a5b707027e,20250831,CONFIRMED,34D,0.0,0
B1747,P1414,6F131,6ae5133ee42f35cd132a43580eeb7688,143c0deac2b49915503dd16a9f5462ba,20250420,CONFIRMED,9F,0.0,0
B1748,P1068,UK128,4c4c8887c010c37d7c415aee9e223b86,d813685481e1e769c9968895601aa06a,20251115,PENDING,9A,13170.94,1
B1749,P1471,SJ219,04f5fd88e0d3bf5692833a97649697b6,fe10005e6631d2c82bc640a5b707027e,20260219,CONFIRMED,23D,0.0,0
B1750,P1103,SJ159,671c750b52cf4817ef2aa56f2ace75b0,fe10005e6631d2c82bc640a5b707027e,20250921,PENDING,33D,0.0,0
B1751,P1757,UK192,bc77046451bd9d63487f804a25d5b6fc,d813685481e1e769c9968895601aa06a,20250919,CONFIRMED,17E,14391.99,1
B1752,P1160,AI014,89b74decd3097ce93ec4cccfa8379efc,1d96baf00ff457518c392cdbc36d081e,20250813,CANCELLED,34F,0.0,0
B1753,P1199,SJ152,04f5fd88e0d3bf5692833a97649697b6,fe10005e6631d2c82bc640a5b707027e,20250808,CANCELLED,5C,4016.57,1
B1754,P1215,SJ060,8a783a606a385b3bfe750ffd23c30c03,fe10005e6631d2c82bc640a5b707027e,20260211,PENDING,3C,12013.34,1
B1755,P1945,AI127,96cabcf3c0a98d19c08ef1c8eeba1154,1d96baf00ff457518c392cdbc36d081e,20260217,CANCELLED,10F,4760.39,1
B1756,P1211,SJ096,96cabcf3c0a98d19c08ef1c8eeba1154,fe10005e6631d2c82bc640a5b707027e,20260127,PENDING,11F,0.0,0
B1757,P1507,AI215,b871fbfcad03d855bfddf41229297608,1d96baf00ff457518c392cdbc36d081e,20250424,PENDING,22B,1608.39,1
B1758,P1015,UK009,04f5fd88e0d3bf5692833a97649697b6,d813685481e1e769c9968895601aa06a,20260228,CANCELLED,26B,8260.94,1
B1759,P1497,AI171,71ffb94c38439501b7cb7532b20299ce,1d96baf00ff457518c392cdbc36d081e,20251026,PENDING,16F,10926.0,2
B1760,P1883,UK151,4c4c8887c010c37d7c415aee9e223b86,d813685481e1e769c9968895601aa06a,20260114,CANCELLED,31B,12133.03,1
B1761,P1331,AI099,adc4b4919d4f952851b45aa0ac117018,1d96baf00ff457518c392cdbc36d081e,20250522,CONFIRMED,15A,35672.39,4
B1762,P1716,UK050,04f5fd88e0d3bf5692833a97649697b6,d813685481e1e769c9968895601aa06a,20250604,CONFIRMED,32B,13897.13,2
B1763,P1876,UK092,71ffb94c38439501b7cb7532b20299ce,d813685481e1e769c9968895601aa06a,20251006,CANCELLED,3B,0.0,0
B1764,P1550,SJ058,96cabcf3c0a98d19c08ef1c8eeba1154,fe10005e6631d2c82bc640a5b707027e,20250620,CANCELLED,13B,10528.45,1
B1765,P1600,SJ090,89b74decd3097ce93ec4cccfa8379efc,fe10005e6631d2c82bc640a5b707027e,20251221,CANCELLED,1C,23925.48,2
B1766,P1941,6F173,4c4c8887c010c37d7c415aee9e223b86,143c0deac2b49915503dd16a9f5462ba,20250907,CANCELLED,1F,0.0,0
B1767,P1255,AI186,dd9b7f73506b86ec79aa343e64a2fb35,1d96baf00ff457518c392cdbc36d081e,20251119,CONFIRMED,6D,10462.21,2
B1768,P1991,AI130,c43ed166a8fa9fe1e85762faa8bf124b,1d96baf00ff457518c392cdbc36d081e,20260323,PENDING,13C,2835.7,1
B1769,P1765,SJ111,317ae26badc5745d08250ee7a733dd0c,fe10005e6631d2c82bc640a5b707027e,20251123,INVALID,6F,2465.29,2
B1770,P1727,6F203,6ae5133ee42f35cd132a43580eeb7688,143c0deac2b49915503dd16a9f5462ba,20250804,CONFIRMED,8D,0.0,0
B1771,P1879,6F138,10db3418b17657f44f554b3a79b69f30,143c0deac2b49915503dd16a9f5462ba,20250524,PENDING,1F,6761.89,1
B1772,P1814,6F109,adc4b4919d4f952851b45aa0ac117018,143c0deac2b49915503dd16a9f5462ba,20250829,UNKNOWN,10B,0.0,0
B1773,P1171,AI074,24879a2de7527581c3dbc2294134abe5,1d96baf00ff457518c392cdbc36d081e,20260101,PENDING,16E,11699.42,1
B1774,P1648,UK161,adc4b4919d4f952851b45aa0ac117018,d813685481e1e769c9968895601aa06a,20260107,CANCELLED,1B,0.0,0
B1775,P1999,AI008,4c4c8887c010c37d7c415aee9e223b86,1d96baf00ff457518c392cdbc36d081e,20250619,CANCELLED,14B,13185.54,1
B1776,P1497,UK121,adc4b4919d4f952851b45aa0ac117018,d813685481e1e769c9968895601aa06a,20251227,CANCELLED,17A,16692.14,2
B1777,P1470,6F154,671c750b52cf4817ef2aa56f2ace75b0,143c0deac2b49915503dd16a9f5462ba,20250426,CONFIRMED,11A,9927.3,1
B1778,P1383,6F161,b6e2cc2aaf99f21f5582a5d4b9ae2a9f,143c0deac2b49915503dd16a9f5462ba,20250801,CONFIRMED,10D,0.0,0
B1779,P1689,6F153,cae609ae5d68de9a8792d0e2117d4ded,143c0deac2b49915503dd16a9f5462ba,20260201,PENDING,22B,8876.97,1
B1780,P1588,6F225,8a783a606a385b3bfe750ffd23c30c03,143c0deac2b49915503dd16a9f5462ba,20260210,PENDING,11B,0.0,0
B1781,P1699,AI191,9f16374b2c912e79e7314809f36c7172,1d96baf00ff457518c392cdbc36d081e,20260209,PENDING,18C,0.0,0
B1782,P1506,AI218,4c4c8887c010c37d7c415aee9e223b86,1d96baf00ff457518c392cdbc36d081e,20250818,CONFIRMED,25F,4755.95,1
B1783,P1991,6F267,317ae26badc5745d08250ee7a733dd0c,143c0deac2b49915503dd16a9f5462ba,20250928,PENDING,25D,8201.65,1
B1784,P1526,UK125,c9d4324c50c5e70095cd3e0446bcbd2d,d813685481e1e769c9968895601aa06a,20250820,CANCELLED,1B,1577.5,1
B1785,P1803,6F208,24879a2de7527581c3dbc2294134abe5,143c0deac2b49915503dd16a9f5462ba,20250819,PENDING,1B,2489.15,1
B1786,P1830,6F119,dd9b7f73506b86ec79aa343e64a2fb35,143c0deac2b49915503dd16a9f5462ba,20260212,CANCELLED,26B,14801.3,1
B1787,P1324,AI063,10db3418b17657f44f554b3a79b69f30,1d96baf00ff457518c392cdbc36d081e,20250711,CONFIRMED,1E,13330.68,3
B1788,P1213,UK016,8ff2523fe27e0b381e5ec1a14e29a704,d813685481e1e769c9968895601aa06a,20250605,CANCELLED,2B,0.0,0
B1789,P1207,6F048,bc77046451bd9d63487f804a25d5b6fc,143c0deac2b49915503dd16a9f5462ba,20260113,CANCELLED,30F,11758.27,1
B1790,P1168,6F266,edec40d16277592f865f6f96d12c6237,143c0deac2b49915503dd16a9f5462ba,20250423,CANCELLED,28A,4971.8,2
B1791,P1329,AI167,b871fbfcad03d855bfddf41229297608,1d96baf00ff457518c392cdbc36d081e,20260224,CONFIRMED,3C,0.0,0
B1792,P1279,6F165,adc4b4919d4f952851b45aa0ac117018,143c0deac2b49915503dd16a9f5462ba,20260117,CONFIRMED,8E,0.0,0
B1793,P1977,SJ104,bc77046451bd9d63487f804a25d5b6fc,fe10005e6631d2c82bc640a5b707027e,20251125,CONFIRMED,14C,12515.25,1
B1794,P1304,UK160,adc4b4919d4f952851b45aa0ac117018,d813685481e1e769c9968895601aa06a,20250626,CONFIRMED,8D,0.0,0
B1795,P1145,UK160,adc4b4919d4f952851b45aa0ac117018,d813685481e1e769c9968895601aa06a,20260321,PENDING,9C,11714.65,1
B1796,P1774,SJ230,4c4c8887c010c37d7c415aee9e223b86,fe10005e6631d2c82bc640a5b707027e,20251128,CONFIRMED,9B,0.0,0
B1797,P1515,AI042,671c750b52cf4817ef2aa56f2ace75b0,1d96baf00ff457518c392cdbc36d081e,20250603,CANCELLED,1A,0.0,0
B1798,P1089,UK197,6ae5133ee42f35cd132a43580eeb7688,d813685481e1e769c9968895601aa06a,20250516,CONFIRMED,23E,14793.78,1
B1799,P1452,AI107,8a783a606a385b3bfe750ffd23c30c03,1d96baf00ff457518c392cdbc36d081e,20260205,PENDING,16E,0.0,0
B1800,P1059,SJ128,cae609ae5d68de9a8792d0e2117d4ded,fe10005e6631d2c82bc640a5b707027e,20250822,PENDING,7F,4478.56,1
B1801,P1310,6F121,89b74decd3097ce93ec4cccfa8379efc,143c0deac2b49915503dd16a9f5462ba,20260414,PENDING,34F,0.0,0
B1802,P1527,AI111,12a0c17677be948b58459ad87ee14879,1d96baf00ff457518c392cdbc36d081e,20250630,INVALID,16B,2072.55,1
B1803,P1226,SJ137,671c750b52cf4817ef2aa56f2ace75b0,fe10005e6631d2c82bc640a5b707027e,20260221,CONFIRMED,24F,5663.2,1
B1804,P1473,AI232,cf98c283c13881769b3b684c7653eba9,1d96baf00ff457518c392cdbc36d081e,20251112,CONFIRMED,1F,9496.04,1
B1805,P1977,SJ113,adc4b4919d4f952851b45aa0ac117018,fe10005e6631d2c82bc640a5b707027e,20251026,CONFIRMED,14B,0.0,0
B1806,P1540,AI117,10db3418b17657f44f554b3a79b69f30,1d96baf00ff457518c392cdbc36d081e,20250802,CANCELLED,17A,14488.78,1
B1807,P1662,6F185,671c750b52cf4817ef2aa56f2ace75b0,143c0deac2b49915503dd16a9f5462ba,20250628,CANCELLED,12C,1759.8,1
B1808,P1756,AI194,71ffb94c38439501b7cb7532b20299ce,1d96baf00ff457518c392cdbc36d081e,20260126,PENDING,3B,0.0,0
B1809,P1781,UK045,a51d75f60b5853f2ce43d68ddc769a90,d813685481e1e769c9968895601aa06a,20260409,PENDING,13B,2114.98,1
B1810,P1078,6F228,89b74decd3097ce93ec4cccfa8379efc,143c0deac2b49915503dd16a9f5462ba,20260320,CONFIRMED,34B,0.0,0
B1811,P1432,SJ190,4c4c8887c010c37d7c415aee9e223b86,fe10005e6631d2c82bc640a5b707027e,20260404,CANCELLED,25A,9625.29,1
B1812,P1800,AI156,24879a2de7527581c3dbc2294134abe5,1d96baf00ff457518c392cdbc36d081e,20260106,CANCELLED,8A,1736.99,1
B1813,P1152,AI104,a51d75f60b5853f2ce43d68ddc769a90,1d96baf00ff457518c392cdbc36d081e,20250421,INVALID,9D,0.0,0
B1814,P1788,UK033,bc77046451bd9d63487f804a25d5b6fc,d813685481e1e769c9968895601aa06a,20250622,CONFIRMED,26C,9940.19,2
B1815,P1400,UK137,127ab6733de551c1aea35612b818c8d5,d813685481e1e769c9968895601aa06a,20250501,PENDING,3C,6355.84,2
B1816,P1278,UK214,bc77046451bd9d63487f804a25d5b6fc,d813685481e1e769c9968895601aa06a,20250621,PENDING,20F,4762.94,1
B1817,P1056,6F033,96cabcf3c0a98d19c08ef1c8eeba1154,143c0deac2b49915503dd16a9f5462ba,20250607,PENDING,28D,19018.62,2
B1818,P1976,AI114,671c750b52cf4817ef2aa56f2ace75b0,1d96baf00ff457518c392cdbc36d081e,20251107,CONFIRMED,26B,4317.72,1
B1819,P1185,AI017,24879a2de7527581c3dbc2294134abe5,1d96baf00ff457518c392cdbc36d081e,20260119,CONFIRMED,21E,0.0,0
B1820,P1397,6F244,12a0c17677be948b58459ad87ee14879,143c0deac2b49915503dd16a9f5462ba,20251201,PENDING,18E,22474.87,2
B1821,P1604,6F160,71ffb94c38439501b7cb7532b20299ce,143c0deac2b49915503dd16a9f5462ba,20251127,PENDING,1C,5390.05,1
B1822,P1787,6F088,cae609ae5d68de9a8792d0e2117d4ded,143c0deac2b49915503dd16a9f5462ba,20260105,CANCELLED,17D,7545.61,1
B1823,P1157,6F155,cf98c283c13881769b3b684c7653eba9,143c0deac2b49915503dd16a9f5462ba,20251126,CANCELLED,19E,7854.23,1
B1824,P1786,AI095,317ae26badc5745d08250ee7a733dd0c,1d96baf00ff457518c392cdbc36d081e,20260415,PENDING,9B,10599.9,1
B1825,P1692,6F139,89b74decd3097ce93ec4cccfa8379efc,143c0deac2b49915503dd16a9f5462ba,20250517,PENDING,5E,5950.28,1
B1826,P1358,6F101,127ab6733de551c1aea35612b818c8d5,143c0deac2b49915503dd16a9f5462ba,20250711,CANCELLED,19A,5128.12,1
B1827,P1439,AI054,8a783a606a385b3bfe750ffd23c30c03,1d96baf00ff457518c392cdbc36d081e,20250623,PENDING,20D,26463.98,2
B1828,P1588,SJ094,a51d75f60b5853f2ce43d68ddc769a90,fe10005e6631d2c82bc640a5b707027e,20250518,CANCELLED,25B,9418.44,1
B1829,P1465,6F217,adc4b4919d4f952851b45aa0ac117018,143c0deac2b49915503dd16a9f5462ba,20260115,CANCELLED,4E,4847.06,1
B1830,P1662,6F100,c43ed166a8fa9fe1e85762faa8bf124b,143c0deac2b49915503dd16a9f5462ba,20260415,CANCELLED,23C,12651.33,1
B1831,P1445,6F081,71ffb94c38439501b7cb7532b20299ce,143c0deac2b49915503dd16a9f5462ba,20260205,CONFIRMED,21C,25995.510000000002,2
B1832,P1749,SJ156,04f5fd88e0d3bf5692833a97649697b6,fe10005e6631d2c82bc640a5b707027e,20250617,CONFIRMED,4D,11197.41,1
B1833,P1800,6F060,cf98c283c13881769b3b684c7653eba9,143c0deac2b49915503dd16a9f5462ba,20250607,PENDING,27D,5872.19,1
B1834,P1742,UK129,89b74decd3097ce93ec4cccfa8379efc,d813685481e1e769c9968895601aa06a,20250814,CANCELLED,33E,7570.53,1
B1835,P1487,UK032,adc4b4919d4f952851b45aa0ac117018,d813685481e1e769c9968895601aa06a,20260207,CONFIRMED,2E,0.0,0
B1836,P1529,AI166,4c4c8887c010c37d7c415aee9e223b86,1d96baf00ff457518c392cdbc36d081e,20250923,PENDING,13A,0.0,0
B1837,P1072,SJ056,bc77046451bd9d63487f804a25d5b6fc,fe10005e6631d2c82bc640a5b707027e,20251031,PENDING,22F,39342.91,3
B1838,P1928,SJ101,671c750b52cf4817ef2aa56f2ace75b0,fe10005e6631d2c82bc640a5b707027e,20250612,PENDING,18F,0.0,0
B1839,P1927,SJ065,71ffb94c38439501b7cb7532b20299ce,fe10005e6631d2c82bc640a5b707027e,20250509,PENDING,9C,16796.17,2
B1840,P1700,SJ100,71ffb94c38439501b7cb7532b20299ce,fe10005e6631d2c82bc640a5b707027e,20250419,PENDING,34A,7085.2,1
B1841,P1949,UK011,671c750b52cf4817ef2aa56f2ace75b0,d813685481e1e769c9968895601aa06a,20251024,CANCELLED,1E,0.0,0
B1842,P1016,6F062,671c750b52cf4817ef2aa56f2ace75b0,143c0deac2b49915503dd16a9f5462ba,20260217,PENDING,3B,9813.82,2
B1843,P1530,SJ176,dd9b7f73506b86ec79aa343e64a2fb35,fe10005e6631d2c82bc640a5b707027e,20250815,CANCELLED,23E,5648.049999999999,2
B1844,P1730,6F120,adc4b4919d4f952851b45aa0ac117018,143c0deac2b49915503dd16a9f5462ba,20251126,CONFIRMED,3B,7078.61,1
B1845,P1325,AI121,89b74decd3097ce93ec4cccfa8379efc,1d96baf00ff457518c392cdbc36d081e,20260305,PENDING,24A,3147.85,1
B1846,P1994,UK072,c43ed166a8fa9fe1e85762faa8bf124b,d813685481e1e769c9968895601aa06a,20250830,CONFIRMED,34F,8100.01,1
B1847,P1631,AI006,c43ed166a8fa9fe1e85762faa8bf124b,1d96baf00ff457518c392cdbc36d081e,20260406,CANCELLED,11B,10999.02,1
B1848,P1612,SJ231,cf98c283c13881769b3b684c7653eba9,fe10005e6631d2c82bc640a5b707027e,20250519,CANCELLED,30D,6682.0,2
B1849,P1545,SJ129,24879a2de7527581c3dbc2294134abe5,fe10005e6631d2c82bc640a5b707027e,20250624,INVALID,12E,0.0,0
B1850,P1595,6F110,bc77046451bd9d63487f804a25d5b6fc,143c0deac2b49915503dd16a9f5462ba,20250421,PENDING,33B,22212.88,2
B1851,P1920,6F231,89b74decd3097ce93ec4cccfa8379efc,143c0deac2b49915503dd16a9f5462ba,20251126,PENDING,2D,0.0,0
B1852,P1707,6F095,9f16374b2c912e79e7314809f36c7172,143c0deac2b49915503dd16a9f5462ba,20250809,CONFIRMED,33E,2491.83,1
B1853,P1841,UK054,adc4b4919d4f952851b45aa0ac117018,d813685481e1e769c9968895601aa06a,20250505,CONFIRMED,18F,8948.88,1
B1854,P1201,SJ123,4c4c8887c010c37d7c415aee9e223b86,fe10005e6631d2c82bc640a5b707027e,20250810,CONFIRMED,29D,33343.83,4
B1855,P1343,6F006,c43ed166a8fa9fe1e85762faa8bf124b,143c0deac2b49915503dd16a9f5462ba,20260104,PENDING,3D,21909.6,2
B1856,P1852,UK226,a51d75f60b5853f2ce43d68ddc769a90,d813685481e1e769c9968895601aa06a,20250504,PENDING,4E,25660.08,2
B1857,P1522,AI065,71ffb94c38439501b7cb7532b20299ce,1d96baf00ff457518c392cdbc36d081e,20260307,PENDING,17E,17650.920000000002,2
B1858,P1858,6F008,dd9b7f73506b86ec79aa343e64a2fb35,143c0deac2b49915503dd16a9f5462ba,20251125,UNKNOWN,10B,0.0,0
B1859,P1399,AI195,edec40d16277592f865f6f96d12c6237,1d96baf00ff457518c392cdbc36d081e,20251111,PENDING,7B,0.0,0
B1860,P1217,UK043,96cabcf3c0a98d19c08ef1c8eeba1154,d813685481e1e769c9968895601aa06a,20250801,UNKNOWN,3A,9531.5,2
B1861,P1444,AI125,671c750b52cf4817ef2aa56f2ace75b0,1d96baf00ff457518c392cdbc36d081e,20251015,CONFIRMED,25E,9044.04,1
B1862,P1764,AI089,24879a2de7527581c3dbc2294134abe5,1d96baf00ff457518c392cdbc36d081e,20251005,PENDING,21A,0.0,0
B1863,P1221,UK019,225fb0760ffcd1233b1e4a61a511e724,d813685481e1e769c9968895601aa06a,20260212,CONFIRMED,22C,22928.67,2
B1864,P1382,UK078,225fb0760ffcd1233b1e4a61a511e724,d813685481e1e769c9968895601aa06a,20250927,CANCELLED,22C,10081.04,1
B1865,P1880,SJ009,cae609ae5d68de9a8792d0e2117d4ded,fe10005e6631d2c82bc640a5b707027e,20250728,CANCELLED,15E,11740.51,1
B1866,P1591,UK178,cf98c283c13881769b3b684c7653eba9,d813685481e1e769c9968895601aa06a,20260128,CONFIRMED,7A,4987.99,1
B1867,P1006,UK018,4c4c8887c010c37d7c415aee9e223b86,d813685481e1e769c9968895601aa06a,20251123,CONFIRMED,13D,8158.17,1
B1868,P1271,SJ059,671c750b52cf4817ef2aa56f2ace75b0,fe10005e6631d2c82bc640a5b707027e,20260410,CANCELLED,29E,0.0,0
B1869,P1738,UK108,cf98c283c13881769b3b684c7653eba9,d813685481e1e769c9968895601aa06a,20260204,CONFIRMED,19C,21553.27,2
B1870,P1015,6F045,225fb0760ffcd1233b1e4a61a511e724,143c0deac2b49915503dd16a9f5462ba,20250425,CANCELLED,5D,0.0,0
B1871,P1423,AI144,382e870b93a9172b725c021a093b911d,1d96baf00ff457518c392cdbc36d081e,20251004,CANCELLED,23E,0.0,0
B1872,P1523,AI244,adc4b4919d4f952851b45aa0ac117018,1d96baf00ff457518c392cdbc36d081e,20250709,PENDING,26E,14817.12,2
B1873,P1802,6F265,96cabcf3c0a98d19c08ef1c8eeba1154,143c0deac2b49915503dd16a9f5462ba,20250425,CONFIRMED,11B,32289.57,3
B1874,P1752,6F108,96cabcf3c0a98d19c08ef1c8eeba1154,143c0deac2b49915503dd16a9f5462ba,20260126,CONFIRMED,16E,24444.489999999998,3
B1875,P1020,6F069,71ffb94c38439501b7cb7532b20299ce,143c0deac2b49915503dd16a9f5462ba,20250617,PENDING,17D,0.0,0
B1876,P1689,6F072,3994560a2c713f116680d065b7d4c478,143c0deac2b49915503dd16a9f5462ba,20250614,CANCELLED,18F,11290.32,1
B1877,P1938,6F096,71ffb94c38439501b7cb7532b20299ce,143c0deac2b49915503dd16a9f5462ba,20251109,CONFIRMED,33F,0.0,0
B1878,P1227,SJ233,96cabcf3c0a98d19c08ef1c8eeba1154,fe10005e6631d2c82bc640a5b707027e,20251231,PENDING,31D,14778.71,1
B1879,P1784,AI203,4c4c8887c010c37d7c415aee9e223b86,1d96baf00ff457518c392cdbc36d081e,20251203,PENDING,9E,4682.98,1
B1880,P1287,UK147,671c750b52cf4817ef2aa56f2ace75b0,d813685481e1e769c9968895601aa06a,20260308,CONFIRMED,2E,11737.0,1
B1881,P1808,UK039,c9d4324c50c5e70095cd3e0446bcbd2d,d813685481e1e769c9968895601aa06a,20250826,PENDING,8E,0.0,0
B1882,P1133,6F216,b871fbfcad03d855bfddf41229297608,143c0deac2b49915503dd16a9f5462ba,20251017,CANCELLED,18B,0.0,0
B1883,P1983,AI214,671c750b52cf4817ef2aa56f2ace75b0,1d96baf00ff457518c392cdbc36d081e,20251117,PENDING,5B,7691.33,2
B1884,P1282,UK025,dd9b7f73506b86ec79aa343e64a2fb35,d813685481e1e769c9968895601aa06a,20250831,CANCELLED,31D,0.0,0
B1885,P1403,UK053,adc4b4919d4f952851b45aa0ac117018,d813685481e1e769c9968895601aa06a,20250810,CANCELLED,11B,9992.33,1
B1886,P1664,6F130,96cabcf3c0a98d19c08ef1c8eeba1154,143c0deac2b49915503dd16a9f5462ba,20260212,INVALID,9D,0.0,0
B1887,P1065,6F247,96cabcf3c0a98d19c08ef1c8eeba1154,143c0deac2b49915503dd16a9f5462ba,20260309,PENDING,23F,9312.51,1
B1888,P1648,6F159,24879a2de7527581c3dbc2294134abe5,143c0deac2b49915503dd16a9f5462ba,20251225,CANCELLED,25C,14913.74,2
B1889,P1603,UK086,cae609ae5d68de9a8792d0e2117d4ded,d813685481e1e769c9968895601aa06a,20260224,CANCELLED,22C,0.0,0
B1890,P1436,6F102,89b74decd3097ce93ec4cccfa8379efc,143c0deac2b49915503dd16a9f5462ba,20250830,PENDING,12E,13732.45,1
B1891,P1828,UK186,c43ed166a8fa9fe1e85762faa8bf124b,d813685481e1e769c9968895601aa06a,20260126,CANCELLED,18D,4194.57,2
B1892,P1933,6F032,dd9b7f73506b86ec79aa343e64a2fb35,143c0deac2b49915503dd16a9f5462ba,20250824,PENDING,17F,0.0,0
B1893,P1258,6F186,c9d4324c50c5e70095cd3e0446bcbd2d,143c0deac2b49915503dd16a9f5462ba,20250802,CONFIRMED,19A,0.0,0
B1894,P1979,6F106,4c4c8887c010c37d7c415aee9e223b86,143c0deac2b49915503dd16a9f5462ba,20260224,CANCELLED,4F,0.0,0
B1895,P1965,AI021,96cabcf3c0a98d19c08ef1c8eeba1154,1d96baf00ff457518c392cdbc36d081e,20251005,CANCELLED,14E,54031.62,5
B1896,P1102,AI157,3994560a2c713f116680d065b7d4c478,1d96baf00ff457518c392cdbc36d081e,20251130,PENDING,11F,0.0,0
B1897,P1992,6F054,10db3418b17657f44f554b3a79b69f30,143c0deac2b49915503dd16a9f5462ba,20251101,PENDING,26F,16995.309999999998,2
B1898,P1566,AI187,6ae5133ee42f35cd132a43580eeb7688,1d96baf00ff457518c392cdbc36d081e,20251003,PENDING,10D,5718.04,1
B1899,P1768,SJ124,bc77046451bd9d63487f804a25d5b6fc,fe10005e6631d2c82bc640a5b707027e,20250928,PENDING,4B,3146.15,1
B1900,P1100,SJ223,89b74decd3097ce93ec4cccfa8379efc,fe10005e6631d2c82bc640a5b707027e,20251006,CANCELLED,11C,1212.98,1
B1901,P1197,UK103,b6e2cc2aaf99f21f5582a5d4b9ae2a9f,d813685481e1e769c9968895601aa06a,20250425,CONFIRMED,21A,10787.49,1
B1902,P1812,SJ157,96cabcf3c0a98d19c08ef1c8eeba1154,fe10005e6631d2c82bc640a5b707027e,20260208,CONFIRMED,14F,0.0,0
B1903,P1225,6F242,9f16374b2c912e79e7314809f36c7172,143c0deac2b49915503dd16a9f5462ba,20251106,CONFIRMED,9B,0.0,0
B1904,P1942,UK213,4c4c8887c010c37d7c415aee9e223b86,d813685481e1e769c9968895601aa06a,20250701,CONFIRMED,8B,5769.34,1
B1905,P1462,SJ120,71ffb94c38439501b7cb7532b20299ce,fe10005e6631d2c82bc640a5b707027e,20260213,PENDING,24B,0.0,0
B1906,P1236,AI035,317ae26badc5745d08250ee7a733dd0c,1d96baf00ff457518c392cdbc36d081e,20250811,CANCELLED,22B,11037.65,1
B1907,P1025,6F147,89b74decd3097ce93ec4cccfa8379efc,143c0deac2b49915503dd16a9f5462ba,20260114,CANCELLED,1B,5451.44,1
B1908,P1120,SJ229,671c750b52cf4817ef2aa56f2ace75b0,fe10005e6631d2c82bc640a5b707027e,20250809,CANCELLED,23B,10746.849999999999,2
B1909,P1909,AI230,cae609ae5d68de9a8792d0e2117d4ded,1d96baf00ff457518c392cdbc36d081e,20251114,PENDING,31B,0.0,0
B1910,P1505,UK162,4c4c8887c010c37d7c415aee9e223b86,d813685481e1e769c9968895601aa06a,20250610,CANCELLED,5C,21554.05,2
B1911,P1181,AI066,89b74decd3097ce93ec4cccfa8379efc,1d96baf00ff457518c392cdbc36d081e,20250529,PENDING,27C,0.0,0
B1912,P1710,6F205,c9d4324c50c5e70095cd3e0446bcbd2d,143c0deac2b49915503dd16a9f5462ba,20250909,CANCELLED,19D,6279.57,1
B1913,P1813,AI124,27d0f59c48e41aa01667e01a8c02ec7b,1d96baf00ff457518c392cdbc36d081e,20250524,CONFIRMED,27B,15295.38,2
B1914,P1766,UK114,8a783a606a385b3bfe750ffd23c30c03,d813685481e1e769c9968895601aa06a,20251019,PENDING,20A,5079.38,1
B1915,P1633,AI231,96cabcf3c0a98d19c08ef1c8eeba1154,1d96baf00ff457518c392cdbc36d081e,20250603,CANCELLED,18B,1162.01,1
B1916,P1542,AI113,27d0f59c48e41aa01667e01a8c02ec7b,1d96baf00ff457518c392cdbc36d081e,20251030,CONFIRMED,7D,3156.86,1
B1917,P1983,UK180,edec40d16277592f865f6f96d12c6237,d813685481e1e769c9968895601aa06a,20250803,INVALID,27A,0.0,0
B1918,P1314,UK180,edec40d16277592f865f6f96d12c6237,d813685481e1e769c9968895601aa06a,20251007,CONFIRMED,2B,4095.5699999999997,2
B1919,P1990,6F080,89b74decd3097ce93ec4cccfa8379efc,143c0deac2b49915503dd16a9f5462ba,20260317,PENDING,7C,0.0,0
B1920,P1796,SJ095,317ae26badc5745d08250ee7a733dd0c,fe10005e6631d2c82bc640a5b707027e,20250511,PENDING,14A,0.0,0
B1921,P1617,SJ115,225fb0760ffcd1233b1e4a61a511e724,fe10005e6631d2c82bc640a5b707027e,20250424,CANCELLED,21F,9627.04,1
B1922,P1735,AI142,04f5fd88e0d3bf5692833a97649697b6,1d96baf00ff457518c392cdbc36d081e,20250514,CONFIRMED,7D,19566.92,2
B1923,P1272,UK169,bc77046451bd9d63487f804a25d5b6fc,d813685481e1e769c9968895601aa06a,20251128,CANCELLED,33F,8467.53,1
B1924,P1909,SJ041,27d0f59c48e41aa01667e01a8c02ec7b,fe10005e6631d2c82bc640a5b707027e,20250504,CANCELLED,27D,4739.01,1
B1925,P1231,UK171,8a783a606a385b3bfe750ffd23c30c03,d813685481e1e769c9968895601aa06a,20250420,CONFIRMED,7D,29535.22,3
B1926,P1419,AI081,24879a2de7527581c3dbc2294134abe5,1d96baf00ff457518c392cdbc36d081e,20251127,CANCELLED,18F,0.0,0
B1927,P1767,AI162,b6e2cc2aaf99f21f5582a5d4b9ae2a9f,1d96baf00ff457518c392cdbc36d081e,20260128,PENDING,27D,0.0,0
B1928,P1441,SJ037,adc4b4919d4f952851b45aa0ac117018,fe10005e6631d2c82bc640a5b707027e,20260123,CANCELLED,6F,6983.66,1
B1929,P1495,SJ037,adc4b4919d4f952851b45aa0ac117018,fe10005e6631d2c82bc640a5b707027e,20251105,CONFIRMED,6A,0.0,0
B1930,P1023,UK080,9f16374b2c912e79e7314809f36c7172,d813685481e1e769c9968895601aa06a,20251216,PENDING,3B,1625.9,1
B1931,P1108,SJ031,dd9b7f73506b86ec79aa343e64a2fb35,fe10005e6631d2c82bc640a5b707027e,20250926,PENDING,16C,10011.51,1
B1932,P1702,AI199,bc77046451bd9d63487f804a25d5b6fc,1d96baf00ff457518c392cdbc36d081e,20251228,CANCELLED,4B,8636.39,1
B1933,P1501,6F082,c43ed166a8fa9fe1e85762faa8bf124b,143c0deac2b49915503dd16a9f5462ba,20250528,CANCELLED,7B,0.0,0
B1934,P1858,UK217,12a0c17677be948b58459ad87ee14879,d813685481e1e769c9968895601aa06a,20260412,PENDING,9F,10978.81,1
B1935,P1024,UK014,89b74decd3097ce93ec4cccfa8379efc,d813685481e1e769c9968895601aa06a,20260413,CANCELLED,6C,0.0,0
B1936,P1186,SJ180,8a783a606a385b3bfe750ffd23c30c03,fe10005e6631d2c82bc640a5b707027e,20260111,CONFIRMED,14D,11286.73,2
B1937,P1287,6F268,317ae26badc5745d08250ee7a733dd0c,143c0deac2b49915503dd16a9f5462ba,20260219,CANCELLED,16E,6825.66,1
B1938,P1627,UK205,89b74decd3097ce93ec4cccfa8379efc,d813685481e1e769c9968895601aa06a,20260407,CANCELLED,19B,12242.79,1
B1939,P1337,SJ212,71ffb94c38439501b7cb7532b20299ce,fe10005e6631d2c82bc640a5b707027e,20250722,PENDING,22B,41153.630000000005,4
B1940,P1877,UK052,3994560a2c713f116680d065b7d4c478,d813685481e1e769c9968895601aa06a,20250625,CANCELLED,17C,18574.85,2
B1941,P1913,UK230,adc4b4919d4f952851b45aa0ac117018,d813685481e1e769c9968895601aa06a,20250613,CANCELLED,19D,1551.73,1
B1942,P1036,AI145,dd9b7f73506b86ec79aa343e64a2fb35,1d96baf00ff457518c392cdbc36d081e,20250718,CANCELLED,23D,1755.58,1
B1943,P1793,SJ035,671c750b52cf4817ef2aa56f2ace75b0,fe10005e6631d2c82bc640a5b707027e,20260313,CONFIRMED,7E,14420.98,2
B1944,P1136,SJ184,671c750b52cf4817ef2aa56f2ace75b0,fe10005e6631d2c82bc640a5b707027e,20250720,CANCELLED,10B,12698.08,2
B1945,P1507,6F207,225fb0760ffcd1233b1e4a61a511e724,143c0deac2b49915503dd16a9f5462ba,20251103,CONFIRMED,24A,0.0,0
B1946,P1226,UK144,4c4c8887c010c37d7c415aee9e223b86,d813685481e1e769c9968895601aa06a,20260330,CONFIRMED,15A,11196.94,1
B1947,P1319,AI126,a51d75f60b5853f2ce43d68ddc769a90,1d96baf00ff457518c392cdbc36d081e,20251022,CONFIRMED,1A,2186.2,1
B1948,P1839,SJ145,6ae5133ee42f35cd132a43580eeb7688,fe10005e6631d2c82bc640a5b707027e,20250519,CONFIRMED,10A,14449.69,2
B1949,P1915,6F040,8a783a606a385b3bfe750ffd23c30c03,143c0deac2b49915503dd16a9f5462ba,20250516,PENDING,15B,14360.11,2
B1950,P1181,UK049,c9d4324c50c5e70095cd3e0446bcbd2d,d813685481e1e769c9968895601aa06a,20250615,CONFIRMED,21B,0.0,0
B1951,P1873,UK049,c9d4324c50c5e70095cd3e0446bcbd2d,d813685481e1e769c9968895601aa06a,20260318,CANCELLED,3F,12831.14,1
B1952,P1085,AI087,b6e2cc2aaf99f21f5582a5d4b9ae2a9f,1d96baf00ff457518c392cdbc36d081e,20251018,CONFIRMED,2C,10237.24,1
B1953,P1466,AI152,3994560a2c713f116680d065b7d4c478,1d96baf00ff457518c392cdbc36d081e,20250524,CANCELLED,19A,12741.76,1
B1954,P1925,SJ240,225fb0760ffcd1233b1e4a61a511e724,fe10005e6631d2c82bc640a5b707027e,20251106,CONFIRMED,2A,14524.79,1
B1955,P1052,AI212,8ff2523fe27e0b381e5ec1a14e29a704,1d96baf00ff457518c392cdbc36d081e,20250914,PENDING,22B,0.0,0
B1956,P1859,AI064,9f16374b2c912e79e7314809f36c7172,1d96baf00ff457518c392cdbc36d081e,20250921,CONFIRMED,3B,0.0,0
B1957,P1866,6F093,671c750b52cf4817ef2aa56f2ace75b0,143c0deac2b49915503dd16a9f5462ba,20250607,CONFIRMED,32E,4851.79,1
B1958,P1234,AI118,89b74decd3097ce93ec4cccfa8379efc,1d96baf00ff457518c392cdbc36d081e,20250428,PENDING,29C,2727.84,2
B1959,P1958,AI172,4c4c8887c010c37d7c415aee9e223b86,1d96baf00ff457518c392cdbc36d081e,20251219,CONFIRMED,23D,17094.079999999998,2
B1960,P1778,6F183,a51d75f60b5853f2ce43d68ddc769a90,143c0deac2b49915503dd16a9f5462ba,20260130,CANCELLED,27E,14657.97,1
B1961,P1798,6F200,bc77046451bd9d63487f804a25d5b6fc,143c0deac2b49915503dd16a9f5462ba,20250715,CONFIRMED,28A,0.0,0
B1962,P1432,SJ077,9f16374b2c912e79e7314809f36c7172,fe10005e6631d2c82bc640a5b707027e,20251223,CONFIRMED,18C,30993.239999999998,4
B1963,P1495,UK030,671c750b52cf4817ef2aa56f2ace75b0,d813685481e1e769c9968895601aa06a,20260224,CONFIRMED,27F,0.0,0
B1964,P1998,SJ232,71ffb94c38439501b7cb7532b20299ce,fe10005e6631d2c82bc640a5b707027e,20250521,PENDING,18B,0.0,0
B1965,P1099,6F090,10db3418b17657f44f554b3a79b69f30,143c0deac2b49915503dd16a9f5462ba,20260129,CONFIRMED,20D,0.0,0
B1966,P1989,UK002,edec40d16277592f865f6f96d12c6237,d813685481e1e769c9968895601aa06a,20251106,CONFIRMED,12B,34300.32,3
B1967,P1598,AI154,89b74decd3097ce93ec4cccfa8379efc,1d96baf00ff457518c392cdbc36d081e,20250703,CANCELLED,22C,12518.31,1
B1968,P1402,6F089,96cabcf3c0a98d19c08ef1c8eeba1154,143c0deac2b49915503dd16a9f5462ba,20251011,CONFIRMED,2D,14600.78,1
B1969,P1395,6F218,adc4b4919d4f952851b45aa0ac117018,143c0deac2b49915503dd16a9f5462ba,20260408,CONFIRMED,29A,13598.0,1
B1970,P1526,6F241,96cabcf3c0a98d19c08ef1c8eeba1154,143c0deac2b49915503dd16a9f5462ba,20251126,CONFIRMED,12B,4558.49,1
B1971,P1414,6F116,12a0c17677be948b58459ad87ee14879,143c0deac2b49915503dd16a9f5462ba,20250820,CONFIRMED,2B,0.0,0
B1972,P1938,UK199,4c4c8887c010c37d7c415aee9e223b86,d813685481e1e769c9968895601aa06a,20250418,CANCELLED,19B,5458.57,1
B1973,P1612,SJ033,bc77046451bd9d63487f804a25d5b6fc,fe10005e6631d2c82bc640a5b707027e,20250428,CANCELLED,8C,0.0,0
B1974,P1676,AI210,adc4b4919d4f952851b45aa0ac117018,1d96baf00ff457518c392cdbc36d081e,20250803,PENDING,15B,0.0,0
B1975,P1462,UK148,c9d4324c50c5e70095cd3e0446bcbd2d,d813685481e1e769c9968895601aa06a,20250826,UNKNOWN,20E,7791.01,1
B1976,P1540,AI229,89b74decd3097ce93ec4cccfa8379efc,1d96baf00ff457518c392cdbc36d081e,20250827,PENDING,16F,8576.26,1
B1977,P1625,UK005,127ab6733de551c1aea35612b818c8d5,d813685481e1e769c9968895601aa06a,20260101,PENDING,4A,0.0,0
B1978,P1618,SJ080,edec40d16277592f865f6f96d12c6237,fe10005e6631d2c82bc640a5b707027e,20251207,CONFIRMED,12C,9450.85,1
B1979,P1921,SJ092,9f16374b2c912e79e7314809f36c7172,fe10005e6631d2c82bc640a5b707027e,20251202,CANCELLED,1F,0.0,0
B1980,P1363,SJ055,89b74decd3097ce93ec4cccfa8379efc,fe10005e6631d2c82bc640a5b707027e,20251204,CANCELLED,15A,12102.14,1
B1981,P1129,AI239,225fb0760ffcd1233b1e4a61a511e724,1d96baf00ff457518c392cdbc36d081e,20250517,CONFIRMED,19D,12166.27,2
B1982,P1083,6F162,24879a2de7527581c3dbc2294134abe5,143c0deac2b49915503dd16a9f5462ba,20250617,UNKNOWN,7A,0.0,0
B1983,P1270,UK101,96cabcf3c0a98d19c08ef1c8eeba1154,d813685481e1e769c9968895601aa06a,20250628,UNKNOWN,27A,9117.5,1
B1984,P1243,6F198,10db3418b17657f44f554b3a79b69f30,143c0deac2b49915503dd16a9f5462ba,20250425,CONFIRMED,27F,19611.190000000002,2
B1985,P1387,6F239,24879a2de7527581c3dbc2294134abe5,143c0deac2b49915503dd16a9f5462ba,20250928,CONFIRMED,31F,0.0,0
B1986,P1213,SJ177,4c4c8887c010c37d7c415aee9e223b86,fe10005e6631d2c82bc640a5b707027e,20251007,CONFIRMED,13F,0.0,0
B1987,P1817,6F044,96cabcf3c0a98d19c08ef1c8eeba1154,143c0deac2b49915503dd16a9f5462ba,20260312,CANCELLED,19F,8733.92,2
B1988,P1165,6F248,96cabcf3c0a98d19c08ef1c8eeba1154,143c0deac2b49915503dd16a9f5462ba,20260217,PENDING,13A,13945.28,1
B1989,P1790,6F002,9f16374b2c912e79e7314809f36c7172,143c0deac2b49915503dd16a9f5462ba,20251210,UNKNOWN,16F,0.0,0
B1990,P1058,SJ197,10db3418b17657f44f554b3a79b69f30,fe10005e6631d2c82bc640a5b707027e,20260331,CONFIRMED,14B,14394.7,2
B1991,P1601,UK091,24879a2de7527581c3dbc2294134abe5,d813685481e1e769c9968895601aa06a,20260114,CANCELLED,22E,0.0,0
B1992,P1882,6F215,cf98c283c13881769b3b684c7653eba9,143c0deac2b49915503dd16a9f5462ba,20250425,CONFIRMED,25C,14003.060000000001,3
B1993,P1842,AI093,c43ed166a8fa9fe1e85762faa8bf124b,1d96baf00ff457518c392cdbc36d081e,20260311,CANCELLED,5B,0.0,0
B1994,P1923,UK090,89b74decd3097ce93ec4cccfa8379efc,d813685481e1e769c9968895601aa06a,20260331,CONFIRMED,21D,0.0,0
B1995,P1503,SJ005,317ae26badc5745d08250ee7a733dd0c,fe10005e6631d2c82bc640a5b707027e,20251120,CANCELLED,11C,0.0,0
B1996,P1705,UK106,4c4c8887c010c37d7c415aee9e223b86,d813685481e1e769c9968895601aa06a,20250808,CANCELLED,27E,10358.84,1
B1997,P1122,6F223,71ffb94c38439501b7cb7532b20299ce,143c0deac2b49915503dd16a9f5462ba,20250503,PENDING,27B,0.0,0
B1998,P1647,6F011,71ffb94c38439501b7cb7532b20299ce,143c0deac2b49915503dd16a9f5462ba,20251023,CONFIRMED,14C,18385.6,2
B1999,P1412,UK124,71ffb94c38439501b7cb7532b20299ce,d813685481e1e769c9968895601aa06a,20250808,INVALID,12B,2806.06,1
